GEO_ID,NAME,NAME_ONLY
01001,Autauga County,Autauga
01003,Baldwin County,Baldwin
01005,Barbour County,Barbour
01007,Bibb County,Bibb
01009,Blount County,Blount
01011,Bullock County,Bullock
01013,Butler County,Butler
01015,Calhoun County,Calhoun
01017,Chambers County,Chambers
01019,Cherokee County,Cherokee
01021,Chilton County,Chilton
01023,Choctaw County,Choctaw
01025,Clarke County,Clarke
01027,Clay County,Clay
01029,Cleburne County,Cleburne
01031,Coffee County,Coffee
01033,Colbert County,Colbert
01035,Conecuh County,Conecuh
01037,Coosa County,Coosa
01039,Covington County,Covington
01041,Crenshaw County,Crenshaw
01043,Cullman County,Cullman
01045,Dale County,Dale
01047,Dallas County,Dallas
01049,De Kalb County,De Kalb
01051,Elmore County,Elmore
01053,Escambia County,Escambia
01055,Etowah County,Etowah
01057,Fayette County,Fayette
01059,Franklin County,Franklin
01061,Geneva County,Geneva
01063,Greene County,Greene
01065,Hale County,Hale
01067,Henry County,Henry
01069,Houston County,Houston
01071,Jackson County,Jackson
01073,Jefferson County,Jefferson
01075,Lamar County,Lamar
01077,Lauderdale County,Lauderdale
01079,Lawrence County,Lawrence
01081,Lee County,Lee
01083,Limestone County,Limestone
01085,Lowndes County,Lowndes
01087,Macon County,Macon
01089,Madison County,Madison
01091,Marengo County,Marengo
01093,Marion County,Marion
01095,Marshall County,Marshall
01097,Mobile County,Mobile
01099,Monroe County,Monroe
01101,Montgomery County,Montgomery
01103,Morgan County,Morgan
01105,Perry County,Perry
01107,Pickens County,Pickens
01109,Pike County,Pike
01111,Randolph County,Randolph
01113,Russell County,Russell
01115,St Clair County,St Clair
01117,Shelby County,Shelby
01119,Sumter County,Sumter
01121,Talladega County,Talladega
01123,Tallapoosa County,Tallapoosa
01125,Tuscaloosa County,Tuscaloosa
01127,Walker County,Walker
01129,Washington County,Washington
01131,Wilcox County,Wilcox
01133,Winston County,Winston
02013,Aleutians East County,Aleutians East
02016,Aleutians West County,Aleutians West
02020,Anchorage County,Anchorage
02050,Bethel County,Bethel
02060,Bristol Bay County,Bristol Bay
02068,Denali County,Denali
02070,Dillingham County,Dillingham
02090,Fairbanks North Star County,Fairbanks North Star
02100,Haines County,Haines
02110,Juneau County,Juneau
02122,Kenai Peninsula County,Kenai Peninsula
02130,Ketchikan Gateway County,Ketchikan Gateway
02150,Kodiak Island County,Kodiak Island
02164,Lake and Peninsula County,Lake and Peninsula
02170,Matanuska Susitna County,Matanuska Susitna
02180,Nome County,Nome
02185,North Slope County,North Slope
02188,Northwest Arctic County,Northwest Arctic
02201,Prince Wales Ketchikan County,Prince Wales Ketchikan
02220,Sitka County,Sitka
02232,Skagway Hoonah Angoon County,Skagway Hoonah Angoon
02240,Southeast Fairbanks County,Southeast Fairbanks
02261,Valdez Cordova County,Valdez Cordova
02270,Wade Hampton County,Wade Hampton
02280,Wrangell Petersburg County,Wrangell Petersburg
02282,Yakutat County,Yakutat
02290,Yukon Koyukuk County,Yukon Koyukuk
04001,Apache County,Apache
04003,Cochise County,Cochise
04005,Coconino County,Coconino
04007,Gila County,Gila
04009,Graham County,Graham
04011,Greenlee County,Greenlee
04012,La Paz County,La Paz
04013,Maricopa County,Maricopa
04015,Mohave County,Mohave
04017,Navajo County,Navajo
04019,Pima County,Pima
04021,Pinal County,Pinal
04023,Santa Cruz County,Santa Cruz
04025,Yavapai County,Yavapai
04027,Yuma County,Yuma
05001,Arkansas County,Arkansas
05003,Ashley County,Ashley
05005,Baxter County,Baxter
05007,Benton County,Benton
05009,Boone County,Boone
05011,Bradley County,Bradley
05013,Calhoun County,Calhoun
05015,Carroll County,Carroll
05017,Chicot County,Chicot
05019,Clark County,Clark
05021,Clay County,Clay
05023,Cleburne County,Cleburne
05025,Cleveland County,Cleveland
05027,Columbia County,Columbia
05029,Conway County,Conway
05031,Craighead County,Craighead
05033,Crawford County,Crawford
05035,Crittenden County,Crittenden
05037,Cross County,Cross
05039,Dallas County,Dallas
05041,Desha County,Desha
05043,Drew County,Drew
05045,Faulkner County,Faulkner
05047,Franklin County,Franklin
05049,Fulton County,Fulton
05051,Garland County,Garland
05053,Grant County,Grant
05055,Greene County,Greene
05057,Hempstead County,Hempstead
05059,Hot Spring County,Hot Spring
05061,Howard County,Howard
05063,Independence County,Independence
05065,Izard County,Izard
05067,Jackson County,Jackson
05069,Jefferson County,Jefferson
05071,Johnson County,Johnson
05073,Lafayette County,Lafayette
05075,Lawrence County,Lawrence
05077,Lee County,Lee
05079,Lincoln County,Lincoln
05081,Little River County,Little River
05083,Logan County,Logan
05085,Lonoke County,Lonoke
05087,Madison County,Madison
05089,Marion County,Marion
05091,Miller County,Miller
05093,Mississippi County,Mississippi
05095,Monroe County,Monroe
05099,Nevada County,Nevada
05101,Newton County,Newton
05103,Ouachita County,Ouachita
05105,Perry County,Perry
05107,Phillips County,Phillips
05109,Pike County,Pike
05111,Poinsett County,Poinsett
05113,Polk County,Polk
05115,Pope County,Pope
05117,Prairie County,Prairie
05119,Pulaski County,Pulaski
05121,Randolph County,Randolph
05123,St Francis County,St Francis
05125,Saline County,Saline
05127,Scott County,Scott
05129,Searcy County,Searcy
05131,Sebastian County,Sebastian
05133,Sevier County,Sevier
05135,Sharp County,Sharp
05137,Stone County,Stone
05139,Union County,Union
05141,Van Buren County,Van Buren
05143,Washington County,Washington
05145,White County,White
05147,Woodruff County,Woodruff
05149,Yell County,Yell
06001,Alameda County,Alameda
06003,Alpine County,Alpine
06005,Amador County,Amador
06007,Butte County,Butte
06009,Calaveras County,Calaveras
06011,Colusa County,Colusa
06013,Contra Costa County,Contra Costa
06015,Del Norte County,Del Norte
06017,El Dorado County,El Dorado
06019,Fresno County,Fresno
06021,Glenn County,Glenn
06023,Humboldt County,Humboldt
06025,Imperial County,Imperial
06027,Inyo County,Inyo
06029,Kern County,Kern
06031,Kings County,Kings
06033,Lake County,Lake
06035,Lassen County,Lassen
06037,Los Angeles County,Los Angeles
06039,Madera County,Madera
06041,Marin County,Marin
06043,Mariposa County,Mariposa
06045,Mendocino County,Mendocino
06047,Merced County,Merced
06049,Modoc County,Modoc
06051,Mono County,Mono
06053,Monterey County,Monterey
06055,Napa County,Napa
06057,Nevada County,Nevada
06059,Orange County,Orange
06061,Placer County,Placer
06063,Plumas County,Plumas
06065,Riverside County,Riverside
06067,Sacramento County,Sacramento
06069,San Benito County,San Benito
06071,San Bernardino County,San Bernardino
06073,San Diego County,San Diego
06075,San Francisco County,San Francisco
06077,San Joaquin County,San Joaquin
06079,San Luis Obispo County,San Luis Obispo
06081,San Mateo County,San Mateo
06083,Santa Barbara County,Santa Barbara
06085,Santa Clara County,Santa Clara
06087,Santa Cruz County,Santa Cruz
06089,Shasta County,Shasta
06091,Sierra County,Sierra
06093,Siskiyou County,Siskiyou
06095,Solano County,Solano
06097,Sonoma County,Sonoma
06099,Stanislaus County,Stanislaus
06101,Sutter County,Sutter
06103,Tehama County,Tehama
06105,Trinity County,Trinity
06107,Tulare County,Tulare
06109,Tuolumne County,Tuolumne
06111,Ventura County,Ventura
06113,Yolo County,Yolo
06115,Yuba County,Yuba
08001,Adams County,Adams
08003,Alamosa County,Alamosa
08005,Arapahoe County,Arapahoe
08007,Archuleta County,Archuleta
08009,Baca County,Baca
08011,Bent County,Bent
08013,Boulder County,Boulder
08014,Broomfield County,Broomfield
08015,Chaffee County,Chaffee
08017,Cheyenne County,Cheyenne
08019,Clear Creek County,Clear Creek
08021,Conejos County,Conejos
08023,Costilla County,Costilla
08025,Crowley County,Crowley
08027,Custer County,Custer
08029,Delta County,Delta
08031,Denver County,Denver
08033,Dolores County,Dolores
08035,Douglas County,Douglas
08037,Eagle County,Eagle
08039,Elbert County,Elbert
08041,El Paso County,El Paso
08043,Fremont County,Fremont
08045,Garfield County,Garfield
08047,Gilpin County,Gilpin
08049,Grand County,Grand
08051,Gunnison County,Gunnison
08053,Hinsdale County,Hinsdale
08055,Huerfano County,Huerfano
08057,Jackson County,Jackson
08059,Jefferson County,Jefferson
08061,Kiowa County,Kiowa
08063,Kit Carson County,Kit Carson
08065,Lake County,Lake
08067,La Plata County,La Plata
08069,Larimer County,Larimer
08071,Las Animas County,Las Animas
08073,Lincoln County,Lincoln
08075,Logan County,Logan
08077,Mesa County,Mesa
08079,Mineral County,Mineral
08081,Moffat County,Moffat
08083,Montezuma County,Montezuma
08085,Montrose County,Montrose
08087,Morgan County,Morgan
08089,Otero County,Otero
08091,Ouray County,Ouray
08093,Park County,Park
08095,Phillips County,Phillips
08097,Pitkin County,Pitkin
08099,Prowers County,Prowers
08101,Pueblo County,Pueblo
08103,Rio Blanco County,Rio Blanco
08105,Rio Grande County,Rio Grande
08107,Routt County,Routt
08109,Saguache County,Saguache
08111,San Juan County,San Juan
08113,San Miguel County,San Miguel
08115,Sedgwick County,Sedgwick
08117,Summit County,Summit
08119,Teller County,Teller
08121,Washington County,Washington
08123,Weld County,Weld
08125,Yuma County,Yuma
09001,Fairfield County,Fairfield
09003,Hartford County,Hartford
09005,Litchfield County,Litchfield
09007,Middlesex County,Middlesex
09009,New Haven County,New Haven
09011,New London County,New London
09013,Tolland County,Tolland
09015,Windham County,Windham
10001,Kent County,Kent
10003,New Castle County,New Castle
10005,Sussex County,Sussex
11001,District of Columbia County,District of Columbia
11031,Montgomery County,Montgomery
12001,Alachua County,Alachua
12003,Baker County,Baker
12005,Bay County,Bay
12007,Bradford County,Bradford
12009,Brevard County,Brevard
12011,Broward County,Broward
12013,Calhoun County,Calhoun
12015,Charlotte County,Charlotte
12017,Citrus County,Citrus
12019,Clay County,Clay
12021,Collier County,Collier
12023,Columbia County,Columbia
12027,De Soto County,De Soto
12029,Dixie County,Dixie
12031,Duval County,Duval
12033,Escambia County,Escambia
12035,Flagler County,Flagler
12037,Franklin County,Franklin
12039,Gadsden County,Gadsden
12041,Gilchrist County,Gilchrist
12043,Glades County,Glades
12045,Gulf County,Gulf
12047,Hamilton County,Hamilton
12049,Hardee County,Hardee
12051,Hendry County,Hendry
12053,Hernando County,Hernando
12055,Highlands County,Highlands
12057,Hillsborough County,Hillsborough
12059,Holmes County,Holmes
12061,Indian River County,Indian River
12063,Jackson County,Jackson
12065,Jefferson County,Jefferson
12067,Lafayette County,Lafayette
12069,Lake County,Lake
12071,Lee County,Lee
12073,Leon County,Leon
12075,Levy County,Levy
12077,Liberty County,Liberty
12079,Madison County,Madison
12081,Manatee County,Manatee
12083,Marion County,Marion
12085,Martin County,Martin
12086,Miami-Dade County,Miami-Dade
12087,Monroe County,Monroe
12089,Nassau County,Nassau
12091,Okaloosa County,Okaloosa
12093,Okeechobee County,Okeechobee
12095,Orange County,Orange
12097,Osceola County,Osceola
12099,Palm Beach County,Palm Beach
12101,Pasco County,Pasco
12103,Pinellas County,Pinellas
12105,Polk County,Polk
12107,Putnam County,Putnam
12109,St Johns County,St Johns
12111,St Lucie County,St Lucie
12113,Santa Rosa County,Santa Rosa
12115,Sarasota County,Sarasota
12117,Seminole County,Seminole
12119,Sumter County,Sumter
12121,Suwannee County,Suwannee
12123,Taylor County,Taylor
12125,Union County,Union
12127,Volusia County,Volusia
12129,Wakulla County,Wakulla
12131,Walton County,Walton
12133,Washington County,Washington
13001,Appling County,Appling
13003,Atkinson County,Atkinson
13005,Bacon County,Bacon
13007,Baker County,Baker
13009,Baldwin County,Baldwin
13011,Banks County,Banks
13013,Barrow County,Barrow
13015,Bartow County,Bartow
13017,Ben Hill County,Ben Hill
13019,Berrien County,Berrien
13021,Bibb County,Bibb
13023,Bleckley County,Bleckley
13025,Brantley County,Brantley
13027,Brooks County,Brooks
13029,Bryan County,Bryan
13031,Bulloch County,Bulloch
13033,Burke County,Burke
13035,Butts County,Butts
13037,Calhoun County,Calhoun
13039,Camden County,Camden
13043,Candler County,Candler
13045,Carroll County,Carroll
13047,Catoosa County,Catoosa
13049,Charlton County,Charlton
13051,Chatham County,Chatham
13053,Chattahoochee County,Chattahoochee
13055,Chattooga County,Chattooga
13057,Cherokee County,Cherokee
13059,Clarke County,Clarke
13061,Clay County,Clay
13063,Clayton County,Clayton
13065,Clinch County,Clinch
13067,Cobb County,Cobb
13069,Coffee County,Coffee
13071,Colquitt County,Colquitt
13073,Columbia County,Columbia
13075,Cook County,Cook
13077,Coweta County,Coweta
13079,Crawford County,Crawford
13081,Crisp County,Crisp
13083,Dade County,Dade
13085,Dawson County,Dawson
13087,Decatur County,Decatur
13089,De Kalb County,De Kalb
13091,Dodge County,Dodge
13093,Dooly County,Dooly
13095,Dougherty County,Dougherty
13097,Douglas County,Douglas
13099,Early County,Early
13101,Echols County,Echols
13103,Effingham County,Effingham
13105,Elbert County,Elbert
13107,Emanuel County,Emanuel
13109,Evans County,Evans
13111,Fannin County,Fannin
13113,Fayette County,Fayette
13115,Floyd County,Floyd
13117,Forsyth County,Forsyth
13119,Franklin County,Franklin
13121,Fulton County,Fulton
13123,Gilmer County,Gilmer
13125,Glascock County,Glascock
13127,Glynn County,Glynn
13129,Gordon County,Gordon
13131,Grady County,Grady
13133,Greene County,Greene
13135,Gwinnett County,Gwinnett
13137,Habersham County,Habersham
13139,Hall County,Hall
13141,Hancock County,Hancock
13143,Haralson County,Haralson
13145,Harris County,Harris
13147,Hart County,Hart
13149,Heard County,Heard
13151,Henry County,Henry
13153,Houston County,Houston
13155,Irwin County,Irwin
13157,Jackson County,Jackson
13159,Jasper County,Jasper
13161,Jeff Davis County,Jeff Davis
13163,Jefferson County,Jefferson
13165,Jenkins County,Jenkins
13167,Johnson County,Johnson
13169,Jones County,Jones
13171,Lamar County,Lamar
13173,Lanier County,Lanier
13175,Laurens County,Laurens
13177,Lee County,Lee
13179,Liberty County,Liberty
13181,Lincoln County,Lincoln
13183,Long County,Long
13185,Lowndes County,Lowndes
13187,Lumpkin County,Lumpkin
13189,McDuffie County,McDuffie
13191,McIntosh County,McIntosh
13193,Macon County,Macon
13195,Madison County,Madison
13197,Marion County,Marion
13199,Meriwether County,Meriwether
13201,Miller County,Miller
13205,Mitchell County,Mitchell
13207,Monroe County,Monroe
13209,Montgomery County,Montgomery
13211,Morgan County,Morgan
13213,Murray County,Murray
13215,Muscogee County,Muscogee
13217,Newton County,Newton
13219,Oconee County,Oconee
13221,Oglethorpe County,Oglethorpe
13223,Paulding County,Paulding
13225,Peach County,Peach
13227,Pickens County,Pickens
13229,Pierce County,Pierce
13231,Pike County,Pike
13233,Polk County,Polk
13235,Pulaski County,Pulaski
13237,Putnam County,Putnam
13239,Quitman County,Quitman
13241,Rabun County,Rabun
13243,Randolph County,Randolph
13245,Richmond County,Richmond
13247,Rockdale County,Rockdale
13249,Schley County,Schley
13251,Screven County,Screven
13253,Seminole County,Seminole
13255,Spalding County,Spalding
13257,Stephens County,Stephens
13259,Stewart County,Stewart
13261,Sumter County,Sumter
13263,Talbot County,Talbot
13265,Taliaferro County,Taliaferro
13267,Tattnall County,Tattnall
13269,Taylor County,Taylor
13271,Telfair County,Telfair
13273,Terrell County,Terrell
13275,Thomas County,Thomas
13277,Tift County,Tift
13279,Toombs County,Toombs
13281,Towns County,Towns
13283,Treutlen County,Treutlen
13285,Troup County,Troup
13287,Turner County,Turner
13289,Twiggs County,Twiggs
13291,Union County,Union
13293,Upson County,Upson
13295,Walker County,Walker
13297,Walton County,Walton
13299,Ware County,Ware
13301,Warren County,Warren
13303,Washington County,Washington
13305,Wayne County,Wayne
13307,Webster County,Webster
13309,Wheeler County,Wheeler
13311,White County,White
13313,Whitfield County,Whitfield
13315,Wilcox County,Wilcox
13317,Wilkes County,Wilkes
13319,Wilkinson County,Wilkinson
13321,Worth County,Worth
15001,Hawaii County,Hawaii
15003,Honolulu County,Honolulu
15007,Kauai County,Kauai
15009,Maui County,Maui
16001,Ada County,Ada
16003,Adams County,Adams
16005,Bannock County,Bannock
16007,Bear Lake County,Bear Lake
16009,Benewah County,Benewah
16011,Bingham County,Bingham
16013,Blaine County,Blaine
16015,Boise County,Boise
16017,Bonner County,Bonner
16019,Bonneville County,Bonneville
16021,Boundary County,Boundary
16023,Butte County,Butte
16025,Camas County,Camas
16027,Canyon County,Canyon
16029,Caribou County,Caribou
16031,Cassia County,Cassia
16033,Clark County,Clark
16035,Clearwater County,Clearwater
16037,Custer County,Custer
16039,Elmore County,Elmore
16041,Franklin County,Franklin
16043,Fremont County,Fremont
16045,Gem County,Gem
16047,Gooding County,Gooding
16049,Idaho County,Idaho
16051,Jefferson County,Jefferson
16053,Jerome County,Jerome
16055,Kootenai County,Kootenai
16057,Latah County,Latah
16059,Lemhi County,Lemhi
16061,Lewis County,Lewis
16063,Lincoln County,Lincoln
16065,Madison County,Madison
16067,Minidoka County,Minidoka
16069,Nez Perce County,Nez Perce
16071,Oneida County,Oneida
16073,Owyhee County,Owyhee
16075,Payette County,Payette
16077,Power County,Power
16079,Shoshone County,Shoshone
16081,Teton County,Teton
16083,Twin Falls County,Twin Falls
16085,Valley County,Valley
16087,Washington County,Washington
17001,Adams County,Adams
17003,Alexander County,Alexander
17005,Bond County,Bond
17007,Boone County,Boone
17009,Brown County,Brown
17011,Bureau County,Bureau
17013,Calhoun County,Calhoun
17015,Carroll County,Carroll
17017,Cass County,Cass
17019,Champaign County,Champaign
17021,Christian County,Christian
17023,Clark County,Clark
17025,Clay County,Clay
17027,Clinton County,Clinton
17029,Coles County,Coles
17031,Cook County,Cook
17033,Crawford County,Crawford
17035,Cumberland County,Cumberland
17037,De Kalb County,De Kalb
17039,Dewitt County,Dewitt
17041,Douglas County,Douglas
17043,Du Page County,Du Page
17045,Edgar County,Edgar
17047,Edwards County,Edwards
17049,Effingham County,Effingham
17051,Fayette County,Fayette
17053,Ford County,Ford
17055,Franklin County,Franklin
17057,Fulton County,Fulton
17059,Gallatin County,Gallatin
17061,Greene County,Greene
17063,Grundy County,Grundy
17065,Hamilton County,Hamilton
17067,Hancock County,Hancock
17069,Hardin County,Hardin
17071,Henderson County,Henderson
17073,Henry County,Henry
17075,Iroquois County,Iroquois
17077,Jackson County,Jackson
17079,Jasper County,Jasper
17081,Jefferson County,Jefferson
17083,Jersey County,Jersey
17085,Jo Daviess County,Jo Daviess
17087,Johnson County,Johnson
17089,Kane County,Kane
17091,Kankakee County,Kankakee
17093,Kendall County,Kendall
17095,Knox County,Knox
17097,Lake County,Lake
17099,La Salle County,La Salle
17101,Lawrence County,Lawrence
17103,Lee County,Lee
17105,Livingston County,Livingston
17107,Logan County,Logan
17109,McDonough County,McDonough
17111,McHenry County,McHenry
17113,Mclean County,Mclean
17115,Macon County,Macon
17117,Macoupin County,Macoupin
17119,Madison County,Madison
17121,Marion County,Marion
17123,Marshall County,Marshall
17125,Mason County,Mason
17127,Massac County,Massac
17129,Menard County,Menard
17131,Mercer County,Mercer
17133,Monroe County,Monroe
17135,Montgomery County,Montgomery
17137,Morgan County,Morgan
17139,Moultrie County,Moultrie
17141,Ogle County,Ogle
17143,Peoria County,Peoria
17145,Perry County,Perry
17147,Piatt County,Piatt
17149,Pike County,Pike
17151,Pope County,Pope
17153,Pulaski County,Pulaski
17155,Putnam County,Putnam
17157,Randolph County,Randolph
17159,Richland County,Richland
17161,Rock Island County,Rock Island
17163,St Clair County,St Clair
17165,Saline County,Saline
17167,Sangamon County,Sangamon
17169,Schuyler County,Schuyler
17171,Scott County,Scott
17173,Shelby County,Shelby
17175,Stark County,Stark
17177,Stephenson County,Stephenson
17179,Tazewell County,Tazewell
17181,Union County,Union
17183,Vermilion County,Vermilion
17185,Wabash County,Wabash
17187,Warren County,Warren
17189,Washington County,Washington
17191,Wayne County,Wayne
17193,White County,White
17195,Whiteside County,Whiteside
17197,Will County,Will
17199,Williamson County,Williamson
17201,Winnebago County,Winnebago
17203,Woodford County,Woodford
18001,Adams County,Adams
18003,Allen County,Allen
18005,Bartholomew County,Bartholomew
18007,Benton County,Benton
18009,Blackford County,Blackford
18011,Boone County,Boone
18013,Brown County,Brown
18015,Carroll County,Carroll
18017,Cass County,Cass
18019,Clark County,Clark
18021,Clay County,Clay
18023,Clinton County,Clinton
18025,Crawford County,Crawford
18027,Daviess County,Daviess
18029,Dearborn County,Dearborn
18031,Decatur County,Decatur
18033,De Kalb County,De Kalb
18035,Delaware County,Delaware
18037,Dubois County,Dubois
18039,Elkhart County,Elkhart
18041,Fayette County,Fayette
18043,Floyd County,Floyd
18045,Fountain County,Fountain
18047,Franklin County,Franklin
18049,Fulton County,Fulton
18051,Gibson County,Gibson
18053,Grant County,Grant
18055,Greene County,Greene
18057,Hamilton County,Hamilton
18059,Hancock County,Hancock
18061,Harrison County,Harrison
18063,Hendricks County,Hendricks
18065,Henry County,Henry
18067,Howard County,Howard
18069,Huntington County,Huntington
18071,Jackson County,Jackson
18073,Jasper County,Jasper
18075,Jay County,Jay
18077,Jefferson County,Jefferson
18079,Jennings County,Jennings
18081,Johnson County,Johnson
18083,Knox County,Knox
18085,Kosciusko County,Kosciusko
18087,Lagrange County,Lagrange
18089,Lake County,Lake
18091,La Porte County,La Porte
18093,Lawrence County,Lawrence
18095,Madison County,Madison
18097,Marion County,Marion
18099,Marshall County,Marshall
18101,Martin County,Martin
18103,Miami County,Miami
18105,Monroe County,Monroe
18107,Montgomery County,Montgomery
18109,Morgan County,Morgan
18111,Newton County,Newton
18113,Noble County,Noble
18115,Ohio County,Ohio
18117,Orange County,Orange
18119,Owen County,Owen
18121,Parke County,Parke
18123,Perry County,Perry
18125,Pike County,Pike
18127,Porter County,Porter
18129,Posey County,Posey
18131,Pulaski County,Pulaski
18133,Putnam County,Putnam
18135,Randolph County,Randolph
18137,Ripley County,Ripley
18139,Rush County,Rush
18141,St Joseph County,St Joseph
18143,Scott County,Scott
18145,Shelby County,Shelby
18147,Spencer County,Spencer
18149,Starke County,Starke
18151,Steuben County,Steuben
18153,Sullivan County,Sullivan
18155,Switzerland County,Switzerland
18157,Tippecanoe County,Tippecanoe
18159,Tipton County,Tipton
18161,Union County,Union
18163,Vanderburgh County,Vanderburgh
18165,Vermillion County,Vermillion
18167,Vigo County,Vigo
18169,Wabash County,Wabash
18171,Warren County,Warren
18173,Warrick County,Warrick
18175,Washington County,Washington
18177,Wayne County,Wayne
18179,Wells County,Wells
18181,White County,White
18183,Whitley County,Whitley
19001,Adair County,Adair
19003,Adams County,Adams
19005,Allamakee County,Allamakee
19007,Appanoose County,Appanoose
19009,Audubon County,Audubon
19011,Benton County,Benton
19013,Black Hawk County,Black Hawk
19015,Boone County,Boone
19017,Bremer County,Bremer
19019,Buchanan County,Buchanan
19021,Buena Vista County,Buena Vista
19023,Butler County,Butler
19025,Calhoun County,Calhoun
19027,Carroll County,Carroll
19029,Cass County,Cass
19031,Cedar County,Cedar
19033,Cerro Gordo County,Cerro Gordo
19035,Cherokee County,Cherokee
19037,Chickasaw County,Chickasaw
19039,Clarke County,Clarke
19041,Clay County,Clay
19043,Clayton County,Clayton
19045,Clinton County,Clinton
19047,Crawford County,Crawford
19049,Dallas County,Dallas
19051,Davis County,Davis
19053,Decatur County,Decatur
19055,Delaware County,Delaware
19057,Des Moines County,Des Moines
19059,Dickinson County,Dickinson
19061,Dubuque County,Dubuque
19063,Emmet County,Emmet
19065,Fayette County,Fayette
19067,Floyd County,Floyd
19069,Franklin County,Franklin
19071,Fremont County,Fremont
19073,Greene County,Greene
19075,Grundy County,Grundy
19077,Guthrie County,Guthrie
19079,Hamilton County,Hamilton
19081,Hancock County,Hancock
19083,Hardin County,Hardin
19085,Harrison County,Harrison
19087,Henry County,Henry
19089,Howard County,Howard
19091,Humboldt County,Humboldt
19093,Ida County,Ida
19095,Iowa County,Iowa
19097,Jackson County,Jackson
19099,Jasper County,Jasper
19101,Jefferson County,Jefferson
19103,Johnson County,Johnson
19105,Jones County,Jones
19107,Keokuk County,Keokuk
19109,Kossuth County,Kossuth
19111,Lee County,Lee
19113,Linn County,Linn
19115,Louisa County,Louisa
19117,Lucas County,Lucas
19119,Lyon County,Lyon
19121,Madison County,Madison
19123,Mahaska County,Mahaska
19125,Marion County,Marion
19127,Marshall County,Marshall
19129,Mills County,Mills
19131,Mitchell County,Mitchell
19133,Monona County,Monona
19135,Monroe County,Monroe
19137,Montgomery County,Montgomery
19139,Muscatine County,Muscatine
19141,Obrien County,Obrien
19143,Osceola County,Osceola
19145,Page County,Page
19147,Palo Alto County,Palo Alto
19149,Plymouth County,Plymouth
19151,Pocahontas County,Pocahontas
19153,Polk County,Polk
19155,Pottawattamie County,Pottawattamie
19157,Poweshiek County,Poweshiek
19159,Ringgold County,Ringgold
19161,Sac County,Sac
19163,Scott County,Scott
19165,Shelby County,Shelby
19167,Sioux County,Sioux
19169,Story County,Story
19171,Tama County,Tama
19173,Taylor County,Taylor
19175,Union County,Union
19177,Van Buren County,Van Buren
19179,Wapello County,Wapello
19181,Warren County,Warren
19183,Washington County,Washington
19185,Wayne County,Wayne
19187,Webster County,Webster
19189,Winnebago County,Winnebago
19191,Winneshiek County,Winneshiek
19193,Woodbury County,Woodbury
19195,Worth County,Worth
19197,Wright County,Wright
20001,Allen County,Allen
20003,Anderson County,Anderson
20005,Atchison County,Atchison
20007,Barber County,Barber
20009,Barton County,Barton
20011,Bourbon County,Bourbon
20013,Brown County,Brown
20015,Butler County,Butler
20017,Chase County,Chase
20019,Chautauqua County,Chautauqua
20021,Cherokee County,Cherokee
20023,Cheyenne County,Cheyenne
20025,Clark County,Clark
20027,Clay County,Clay
20029,Cloud County,Cloud
20031,Coffey County,Coffey
20033,Comanche County,Comanche
20035,Cowley County,Cowley
20037,Crawford County,Crawford
20039,Decatur County,Decatur
20041,Dickinson County,Dickinson
20043,Doniphan County,Doniphan
20045,Douglas County,Douglas
20047,Edwards County,Edwards
20049,Elk County,Elk
20051,Ellis County,Ellis
20053,Ellsworth County,Ellsworth
20055,Finney County,Finney
20057,Ford County,Ford
20059,Franklin County,Franklin
20061,Geary County,Geary
20063,Gove County,Gove
20065,Graham County,Graham
20067,Grant County,Grant
20069,Gray County,Gray
20071,Greeley County,Greeley
20073,Greenwood County,Greenwood
20075,Hamilton County,Hamilton
20077,Harper County,Harper
20079,Harvey County,Harvey
20081,Haskell County,Haskell
20083,Hodgeman County,Hodgeman
20085,Jackson County,Jackson
20087,Jefferson County,Jefferson
20089,Jewell County,Jewell
20091,Johnson County,Johnson
20093,Kearny County,Kearny
20095,Kingman County,Kingman
20097,Kiowa County,Kiowa
20099,Labette County,Labette
20101,Lane County,Lane
20103,Leavenworth County,Leavenworth
20105,Lincoln County,Lincoln
20107,Linn County,Linn
20109,Logan County,Logan
20111,Lyon County,Lyon
20113,McPherson County,McPherson
20115,Marion County,Marion
20117,Marshall County,Marshall
20119,Meade County,Meade
20121,Miami County,Miami
20123,Mitchell County,Mitchell
20125,Montgomery County,Montgomery
20127,Morris County,Morris
20129,Morton County,Morton
20131,Nemaha County,Nemaha
20133,Neosho County,Neosho
20135,Ness County,Ness
20137,Norton County,Norton
20139,Osage County,Osage
20141,Osborne County,Osborne
20143,Ottawa County,Ottawa
20145,Pawnee County,Pawnee
20147,Phillips County,Phillips
20149,Pottawatomie County,Pottawatomie
20151,Pratt County,Pratt
20153,Rawlins County,Rawlins
20155,Reno County,Reno
20157,Republic County,Republic
20159,Rice County,Rice
20161,Riley County,Riley
20163,Rooks County,Rooks
20165,Rush County,Rush
20167,Russell County,Russell
20169,Saline County,Saline
20171,Scott County,Scott
20173,Sedgwick County,Sedgwick
20175,Seward County,Seward
20177,Shawnee County,Shawnee
20179,Sheridan County,Sheridan
20181,Sherman County,Sherman
20183,Smith County,Smith
20185,Stafford County,Stafford
20187,Stanton County,Stanton
20189,Stevens County,Stevens
20191,Sumner County,Sumner
20193,Thomas County,Thomas
20195,Trego County,Trego
20197,Wabaunsee County,Wabaunsee
20199,Wallace County,Wallace
20201,Washington County,Washington
20203,Wichita County,Wichita
20205,Wilson County,Wilson
20207,Woodson County,Woodson
20209,Wyandotte County,Wyandotte
21001,Adair County,Adair
21003,Allen County,Allen
21005,Anderson County,Anderson
21007,Ballard County,Ballard
21009,Barren County,Barren
21011,Bath County,Bath
21013,Bell County,Bell
21015,Boone County,Boone
21017,Bourbon County,Bourbon
21019,Boyd County,Boyd
21021,Boyle County,Boyle
21023,Bracken County,Bracken
21025,Breathitt County,Breathitt
21027,Breckinridge County,Breckinridge
21029,Bullitt County,Bullitt
21031,Butler County,Butler
21033,Caldwell County,Caldwell
21035,Calloway County,Calloway
21037,Campbell County,Campbell
21039,Carlisle County,Carlisle
21041,Carroll County,Carroll
21043,Carter County,Carter
21045,Casey County,Casey
21047,Christian County,Christian
21049,Clark County,Clark
21051,Clay County,Clay
21053,Clinton County,Clinton
21055,Crittenden County,Crittenden
21057,Cumberland County,Cumberland
21059,Daviess County,Daviess
21061,Edmonson County,Edmonson
21063,Elliott County,Elliott
21065,Estill County,Estill
21067,Fayette County,Fayette
21069,Fleming County,Fleming
21071,Floyd County,Floyd
21073,Franklin County,Franklin
21075,Fulton County,Fulton
21077,Gallatin County,Gallatin
21079,Garrard County,Garrard
21081,Grant County,Grant
21083,Graves County,Graves
21085,Grayson County,Grayson
21087,Green County,Green
21089,Greenup County,Greenup
21091,Hancock County,Hancock
21093,Hardin County,Hardin
21095,Harlan County,Harlan
21097,Harrison County,Harrison
21099,Hart County,Hart
21101,Henderson County,Henderson
21103,Henry County,Henry
21105,Hickman County,Hickman
21107,Hopkins County,Hopkins
21109,Jackson County,Jackson
21111,Jefferson County,Jefferson
21113,Jessamine County,Jessamine
21115,Johnson County,Johnson
21117,Kenton County,Kenton
21119,Knott County,Knott
21121,Knox County,Knox
21123,Larue County,Larue
21125,Laurel County,Laurel
21127,Lawrence County,Lawrence
21129,Lee County,Lee
21131,Leslie County,Leslie
21133,Letcher County,Letcher
21135,Lewis County,Lewis
21137,Lincoln County,Lincoln
21139,Livingston County,Livingston
21141,Logan County,Logan
21143,Lyon County,Lyon
21145,McCracken County,McCracken
21147,McCreary County,McCreary
21149,Mclean County,Mclean
21151,Madison County,Madison
21153,Magoffin County,Magoffin
21155,Marion County,Marion
21157,Marshall County,Marshall
21159,Martin County,Martin
21161,Mason County,Mason
21163,Meade County,Meade
21165,Menifee County,Menifee
21167,Mercer County,Mercer
21169,Metcalfe County,Metcalfe
21171,Monroe County,Monroe
21173,Montgomery County,Montgomery
21175,Morgan County,Morgan
21177,Muhlenberg County,Muhlenberg
21179,Nelson County,Nelson
21181,Nicholas County,Nicholas
21183,Ohio County,Ohio
21185,Oldham County,Oldham
21187,Owen County,Owen
21189,Owsley County,Owsley
21191,Pendleton County,Pendleton
21193,Perry County,Perry
21195,Pike County,Pike
21197,Powell County,Powell
21199,Pulaski County,Pulaski
21201,Robertson County,Robertson
21203,Rockcastle County,Rockcastle
21205,Rowan County,Rowan
21207,Russell County,Russell
21209,Scott County,Scott
21211,Shelby County,Shelby
21213,Simpson County,Simpson
21215,Spencer County,Spencer
21217,Taylor County,Taylor
21219,Todd County,Todd
21221,Trigg County,Trigg
21223,Trimble County,Trimble
21225,Union County,Union
21227,Warren County,Warren
21229,Washington County,Washington
21231,Wayne County,Wayne
21233,Webster County,Webster
21235,Whitley County,Whitley
21237,Wolfe County,Wolfe
21239,Woodford County,Woodford
22001,Acadia County,Acadia
22003,Allen County,Allen
22005,Ascension County,Ascension
22007,Assumption County,Assumption
22009,Avoyelles County,Avoyelles
22011,Beauregard County,Beauregard
22013,Bienville County,Bienville
22015,Bossier County,Bossier
22017,Caddo County,Caddo
22019,Calcasieu County,Calcasieu
22021,Caldwell County,Caldwell
22023,Cameron County,Cameron
22025,Catahoula County,Catahoula
22027,Claiborne County,Claiborne
22029,Concordia County,Concordia
22031,De Soto County,De Soto
22033,East Baton Rouge County,East Baton Rouge
22035,East Carroll County,East Carroll
22037,East Feliciana County,East Feliciana
22039,Evangeline County,Evangeline
22041,Franklin County,Franklin
22043,Grant County,Grant
22045,Iberia County,Iberia
22047,Iberville County,Iberville
22049,Jackson County,Jackson
22051,Jefferson County,Jefferson
22053,Jefferson Davis County,Jefferson Davis
22055,Lafayette County,Lafayette
22057,Lafourche County,Lafourche
22059,La Salle County,La Salle
22061,Lincoln County,Lincoln
22063,Livingston County,Livingston
22065,Madison County,Madison
22067,Morehouse County,Morehouse
22069,Natchitoches County,Natchitoches
22071,Orleans County,Orleans
22073,Ouachita County,Ouachita
22075,Plaquemines County,Plaquemines
22077,Pointe Coupee County,Pointe Coupee
22079,Rapides County,Rapides
22081,Red River County,Red River
22083,Richland County,Richland
22085,Sabine County,Sabine
22087,St Bernard County,St Bernard
22089,St Charles County,St Charles
22091,St Helena County,St Helena
22093,St James County,St James
22095,St John The Baptist County,St John The Baptist
22097,St Landry County,St Landry
22099,St Martin County,St Martin
22101,St Mary County,St Mary
22103,St Tammany County,St Tammany
22105,Tangipahoa County,Tangipahoa
22107,Tensas County,Tensas
22109,Terrebonne County,Terrebonne
22111,Union County,Union
22113,Vermilion County,Vermilion
22115,Vernon County,Vernon
22117,Washington County,Washington
22119,Webster County,Webster
22121,West Baton Rouge County,West Baton Rouge
22123,West Carroll County,West Carroll
22125,West Feliciana County,West Feliciana
22127,Winn County,Winn
23001,Androscoggin County,Androscoggin
23003,Aroostook County,Aroostook
23005,Cumberland County,Cumberland
23007,Franklin County,Franklin
23009,Hancock County,Hancock
23011,Kennebec County,Kennebec
23013,Knox County,Knox
23015,Lincoln County,Lincoln
23017,Oxford County,Oxford
23019,Penobscot County,Penobscot
23021,Piscataquis County,Piscataquis
23023,Sagadahoc County,Sagadahoc
23025,Somerset County,Somerset
23027,Waldo County,Waldo
23029,Washington County,Washington
23031,York County,York
24001,Allegany County,Allegany
24003,Anne Arundel County,Anne Arundel
24005,Baltimore County,Baltimore
24009,Calvert County,Calvert
24011,Caroline County,Caroline
24013,Carroll County,Carroll
24015,Cecil County,Cecil
24017,Charles County,Charles
24019,Dorchester County,Dorchester
24021,Frederick County,Frederick
24023,Garrett County,Garrett
24025,Harford County,Harford
24027,Howard County,Howard
24029,Kent County,Kent
24031,Montgomery County,Montgomery
24033,Prince Georges County,Prince Georges
24035,Queen Annes County,Queen Annes
24037,St Marys County,St Marys
24039,Somerset County,Somerset
24041,Talbot County,Talbot
24043,Washington County,Washington
24045,Wicomico County,Wicomico
24047,Worcester County,Worcester
24510,Baltimore City County,Baltimore City
25001,Barnstable County,Barnstable
25003,Berkshire County,Berkshire
25005,Bristol County,Bristol
25007,Dukes County,Dukes
25009,Essex County,Essex
25011,Franklin County,Franklin
25013,Hampden County,Hampden
25015,Hampshire County,Hampshire
25017,Middlesex County,Middlesex
25019,Nantucket County,Nantucket
25021,Norfolk County,Norfolk
25023,Plymouth County,Plymouth
25025,Suffolk County,Suffolk
25027,Worcester County,Worcester
26001,Alcona County,Alcona
26003,Alger County,Alger
26005,Allegan County,Allegan
26007,Alpena County,Alpena
26009,Antrim County,Antrim
26011,Arenac County,Arenac
26013,Baraga County,Baraga
26015,Barry County,Barry
26017,Bay County,Bay
26019,Benzie County,Benzie
26021,Berrien County,Berrien
26023,Branch County,Branch
26025,Calhoun County,Calhoun
26027,Cass County,Cass
26029,Charlevoix County,Charlevoix
26031,Cheboygan County,Cheboygan
26033,Chippewa County,Chippewa
26035,Clare County,Clare
26037,Clinton County,Clinton
26039,Crawford County,Crawford
26041,Delta County,Delta
26043,Dickinson County,Dickinson
26045,Eaton County,Eaton
26047,Emmet County,Emmet
26049,Genesee County,Genesee
26051,Gladwin County,Gladwin
26053,Gogebic County,Gogebic
26055,Grand Traverse County,Grand Traverse
26057,Gratiot County,Gratiot
26059,Hillsdale County,Hillsdale
26061,Houghton County,Houghton
26063,Huron County,Huron
26065,Ingham County,Ingham
26067,Ionia County,Ionia
26069,Iosco County,Iosco
26071,Iron County,Iron
26073,Isabella County,Isabella
26075,Jackson County,Jackson
26077,Kalamazoo County,Kalamazoo
26079,Kalkaska County,Kalkaska
26081,Kent County,Kent
26083,Keweenaw County,Keweenaw
26085,Lake County,Lake
26087,Lapeer County,Lapeer
26089,Leelanau County,Leelanau
26091,Lenawee County,Lenawee
26093,Livingston County,Livingston
26095,Luce County,Luce
26097,Mackinac County,Mackinac
26099,Macomb County,Macomb
26101,Manistee County,Manistee
26103,Marquette County,Marquette
26105,Mason County,Mason
26107,Mecosta County,Mecosta
26109,Menominee County,Menominee
26111,Midland County,Midland
26113,Missaukee County,Missaukee
26115,Monroe County,Monroe
26117,Montcalm County,Montcalm
26119,Montmorency County,Montmorency
26121,Muskegon County,Muskegon
26123,Newaygo County,Newaygo
26125,Oakland County,Oakland
26127,Oceana County,Oceana
26129,Ogemaw County,Ogemaw
26131,Ontonagon County,Ontonagon
26133,Osceola County,Osceola
26135,Oscoda County,Oscoda
26137,Otsego County,Otsego
26139,Ottawa County,Ottawa
26141,Presque Isle County,Presque Isle
26143,Roscommon County,Roscommon
26145,Saginaw County,Saginaw
26147,St Clair County,St Clair
26149,St Joseph County,St Joseph
26151,Sanilac County,Sanilac
26153,Schoolcraft County,Schoolcraft
26155,Shiawassee County,Shiawassee
26157,Tuscola County,Tuscola
26159,Van Buren County,Van Buren
26161,Washtenaw County,Washtenaw
26163,Wayne County,Wayne
26165,Wexford County,Wexford
27001,Aitkin County,Aitkin
27003,Anoka County,Anoka
27005,Becker County,Becker
27007,Beltrami County,Beltrami
27009,Benton County,Benton
27011,Big Stone County,Big Stone
27013,Blue Earth County,Blue Earth
27015,Brown County,Brown
27017,Carlton County,Carlton
27019,Carver County,Carver
27021,Cass County,Cass
27023,Chippewa County,Chippewa
27025,Chisago County,Chisago
27027,Clay County,Clay
27029,Clearwater County,Clearwater
27031,Cook County,Cook
27033,Cottonwood County,Cottonwood
27035,Crow Wing County,Crow Wing
27037,Dakota County,Dakota
27039,Dodge County,Dodge
27041,Douglas County,Douglas
27043,Faribault County,Faribault
27045,Fillmore County,Fillmore
27047,Freeborn County,Freeborn
27049,Goodhue County,Goodhue
27051,Grant County,Grant
27053,Hennepin County,Hennepin
27055,Houston County,Houston
27057,Hubbard County,Hubbard
27059,Isanti County,Isanti
27061,Itasca County,Itasca
27063,Jackson County,Jackson
27065,Kanabec County,Kanabec
27067,Kandiyohi County,Kandiyohi
27069,Kittson County,Kittson
27071,Koochiching County,Koochiching
27073,Lac Qui Parle County,Lac Qui Parle
27075,Lake County,Lake
27077,Lake of The Woods County,Lake of The Woods
27079,Le Sueur County,Le Sueur
27081,Lincoln County,Lincoln
27083,Lyon County,Lyon
27085,McLeod County,McLeod
27087,Mahnomen County,Mahnomen
27089,Marshall County,Marshall
27091,Martin County,Martin
27093,Meeker County,Meeker
27095,Mille Lacs County,Mille Lacs
27097,Morrison County,Morrison
27099,Mower County,Mower
27101,Murray County,Murray
27103,Nicollet County,Nicollet
27105,Nobles County,Nobles
27107,Norman County,Norman
27109,Olmsted County,Olmsted
27111,Otter Tail County,Otter Tail
27113,Pennington County,Pennington
27115,Pine County,Pine
27117,Pipestone County,Pipestone
27119,Polk County,Polk
27121,Pope County,Pope
27123,Ramsey County,Ramsey
27125,Red Lake County,Red Lake
27127,Redwood County,Redwood
27129,Renville County,Renville
27131,Rice County,Rice
27133,Rock County,Rock
27135,Roseau County,Roseau
27137,St Louis County,St Louis
27139,Scott County,Scott
27141,Sherburne County,Sherburne
27143,Sibley County,Sibley
27145,Stearns County,Stearns
27147,Steele County,Steele
27149,Stevens County,Stevens
27151,Swift County,Swift
27153,Todd County,Todd
27155,Traverse County,Traverse
27157,Wabasha County,Wabasha
27159,Wadena County,Wadena
27161,Waseca County,Waseca
27163,Washington County,Washington
27165,Watonwan County,Watonwan
27167,Wilkin County,Wilkin
27169,Winona County,Winona
27171,Wright County,Wright
27173,Yellow Medicine County,Yellow Medicine
28001,Adams County,Adams
28003,Alcorn County,Alcorn
28005,Amite County,Amite
28007,Attala County,Attala
28009,Benton County,Benton
28011,Bolivar County,Bolivar
28013,Calhoun County,Calhoun
28015,Carroll County,Carroll
28017,Chickasaw County,Chickasaw
28019,Choctaw County,Choctaw
28021,Claiborne County,Claiborne
28023,Clarke County,Clarke
28025,Clay County,Clay
28027,Coahoma County,Coahoma
28029,Copiah County,Copiah
28031,Covington County,Covington
28033,De Soto County,De Soto
28035,Forrest County,Forrest
28037,Franklin County,Franklin
28039,George County,George
28041,Greene County,Greene
28043,Grenada County,Grenada
28045,Hancock County,Hancock
28047,Harrison County,Harrison
28049,Hinds County,Hinds
28051,Holmes County,Holmes
28053,Humphreys County,Humphreys
28055,Issaquena County,Issaquena
28057,Itawamba County,Itawamba
28059,Jackson County,Jackson
28061,Jasper County,Jasper
28063,Jefferson County,Jefferson
28065,Jefferson Davis County,Jefferson Davis
28067,Jones County,Jones
28069,Kemper County,Kemper
28071,Lafayette County,Lafayette
28073,Lamar County,Lamar
28075,Lauderdale County,Lauderdale
28077,Lawrence County,Lawrence
28079,Leake County,Leake
28081,Lee County,Lee
28083,Leflore County,Leflore
28085,Lincoln County,Lincoln
28087,Lowndes County,Lowndes
28089,Madison County,Madison
28091,Marion County,Marion
28093,Marshall County,Marshall
28095,Monroe County,Monroe
28097,Montgomery County,Montgomery
28099,Neshoba County,Neshoba
28101,Newton County,Newton
28103,Noxubee County,Noxubee
28105,Oktibbeha County,Oktibbeha
28107,Panola County,Panola
28109,Pearl River County,Pearl River
28111,Perry County,Perry
28113,Pike County,Pike
28115,Pontotoc County,Pontotoc
28117,Prentiss County,Prentiss
28119,Quitman County,Quitman
28121,Rankin County,Rankin
28123,Scott County,Scott
28125,Sharkey County,Sharkey
28127,Simpson County,Simpson
28129,Smith County,Smith
28131,Stone County,Stone
28133,Sunflower County,Sunflower
28135,Tallahatchie County,Tallahatchie
28137,Tate County,Tate
28139,Tippah County,Tippah
28141,Tishomingo County,Tishomingo
28143,Tunica County,Tunica
28145,Union County,Union
28147,Walthall County,Walthall
28149,Warren County,Warren
28151,Washington County,Washington
28153,Wayne County,Wayne
28155,Webster County,Webster
28157,Wilkinson County,Wilkinson
28159,Winston County,Winston
28161,Yalobusha County,Yalobusha
28163,Yazoo County,Yazoo
29001,Adair County,Adair
29003,Andrew County,Andrew
29005,Atchison County,Atchison
29007,Audrain County,Audrain
29009,Barry County,Barry
29011,Barton County,Barton
29013,Bates County,Bates
29015,Benton County,Benton
29017,Bollinger County,Bollinger
29019,Boone County,Boone
29021,Buchanan County,Buchanan
29023,Butler County,Butler
29025,Caldwell County,Caldwell
29027,Callaway County,Callaway
29029,Camden County,Camden
29031,Cape Girardeau County,Cape Girardeau
29033,Carroll County,Carroll
29035,Carter County,Carter
29037,Cass County,Cass
29039,Cedar County,Cedar
29041,Chariton County,Chariton
29043,Christian County,Christian
29045,Clark County,Clark
29047,Clay County,Clay
29049,Clinton County,Clinton
29051,Cole County,Cole
29053,Cooper County,Cooper
29055,Crawford County,Crawford
29057,Dade County,Dade
29059,Dallas County,Dallas
29061,Daviess County,Daviess
29063,Dekalb County,Dekalb
29065,Dent County,Dent
29067,Douglas County,Douglas
29069,Dunklin County,Dunklin
29071,Franklin County,Franklin
29073,Gasconade County,Gasconade
29075,Gentry County,Gentry
29077,Greene County,Greene
29079,Grundy County,Grundy
29081,Harrison County,Harrison
29083,Henry County,Henry
29085,Hickory County,Hickory
29087,Holt County,Holt
29089,Howard County,Howard
29091,Howell County,Howell
29093,Iron County,Iron
29095,Jackson County,Jackson
29097,Jasper County,Jasper
29099,Jefferson County,Jefferson
29101,Johnson County,Johnson
29103,Knox County,Knox
29105,Laclede County,Laclede
29107,Lafayette County,Lafayette
29109,Lawrence County,Lawrence
29111,Lewis County,Lewis
29113,Lincoln County,Lincoln
29115,Linn County,Linn
29117,Livingston County,Livingston
29119,Mcdonald County,Mcdonald
29121,Macon County,Macon
29123,Madison County,Madison
29125,Maries County,Maries
29127,Marion County,Marion
29129,Mercer County,Mercer
29131,Miller County,Miller
29133,Mississippi County,Mississippi
29135,Moniteau County,Moniteau
29137,Monroe County,Monroe
29139,Montgomery County,Montgomery
29141,Morgan County,Morgan
29143,New Madrid County,New Madrid
29145,Newton County,Newton
29147,Nodaway County,Nodaway
29149,Oregon County,Oregon
29151,Osage County,Osage
29153,Ozark County,Ozark
29155,Pemiscot County,Pemiscot
29157,Perry County,Perry
29159,Pettis County,Pettis
29161,Phelps County,Phelps
29163,Pike County,Pike
29165,Platte County,Platte
29167,Polk County,Polk
29169,Pulaski County,Pulaski
29171,Putnam County,Putnam
29173,Ralls County,Ralls
29175,Randolph County,Randolph
29177,Ray County,Ray
29179,Reynolds County,Reynolds
29181,Ripley County,Ripley
29183,St Charles County,St Charles
29185,St Clair County,St Clair
29186,Ste Genevieve County,Ste Genevieve
29187,St Francois County,St Francois
29189,St Louis County,St Louis
29195,Saline County,Saline
29197,Schuyler County,Schuyler
29199,Scotland County,Scotland
29201,Scott County,Scott
29203,Shannon County,Shannon
29205,Shelby County,Shelby
29207,Stoddard County,Stoddard
29209,Stone County,Stone
29211,Sullivan County,Sullivan
29213,Taney County,Taney
29215,Texas County,Texas
29217,Vernon County,Vernon
29219,Warren County,Warren
29221,Washington County,Washington
29223,Wayne County,Wayne
29225,Webster County,Webster
29227,Worth County,Worth
29229,Wright County,Wright
29510,St Louis City County,St Louis City
30001,Beaverhead County,Beaverhead
30003,Big Horn County,Big Horn
30005,Blaine County,Blaine
30007,Broadwater County,Broadwater
30009,Carbon County,Carbon
30011,Carter County,Carter
30013,Cascade County,Cascade
30015,Chouteau County,Chouteau
30017,Custer County,Custer
30019,Daniels County,Daniels
30021,Dawson County,Dawson
30023,Deer Lodge County,Deer Lodge
30025,Fallon County,Fallon
30027,Fergus County,Fergus
30029,Flathead County,Flathead
30031,Gallatin County,Gallatin
30033,Garfield County,Garfield
30035,Glacier County,Glacier
30037,Golden Valley County,Golden Valley
30039,Granite County,Granite
30041,Hill County,Hill
30043,Jefferson County,Jefferson
30045,Judith Basin County,Judith Basin
30047,Lake County,Lake
30049,Lewis and Clark County,Lewis and Clark
30051,Liberty County,Liberty
30053,Lincoln County,Lincoln
30055,McCone County,McCone
30057,Madison County,Madison
30059,Meagher County,Meagher
30061,Mineral County,Mineral
30063,Missoula County,Missoula
30065,Musselshell County,Musselshell
30067,Park County,Park
30069,Petroleum County,Petroleum
30071,Phillips County,Phillips
30073,Pondera County,Pondera
30075,Powder River County,Powder River
30077,Powell County,Powell
30079,Prairie County,Prairie
30081,Ravalli County,Ravalli
30083,Richland County,Richland
30085,Roosevelt County,Roosevelt
30087,Rosebud County,Rosebud
30089,Sanders County,Sanders
30091,Sheridan County,Sheridan
30093,Silver Bow County,Silver Bow
30095,Stillwater County,Stillwater
30097,Sweet Grass County,Sweet Grass
30099,Teton County,Teton
30101,Toole County,Toole
30103,Treasure County,Treasure
30105,Valley County,Valley
30107,Wheatland County,Wheatland
30109,Wibaux County,Wibaux
30111,Yellowstone County,Yellowstone
31001,Adams County,Adams
31003,Antelope County,Antelope
31005,Arthur County,Arthur
31007,Banner County,Banner
31009,Blaine County,Blaine
31011,Boone County,Boone
31013,Box Butte County,Box Butte
31015,Boyd County,Boyd
31017,Brown County,Brown
31019,Buffalo County,Buffalo
31021,Burt County,Burt
31023,Butler County,Butler
31025,Cass County,Cass
31027,Cedar County,Cedar
31029,Chase County,Chase
31031,Cherry County,Cherry
31033,Cheyenne County,Cheyenne
31035,Clay County,Clay
31037,Colfax County,Colfax
31039,Cuming County,Cuming
31041,Custer County,Custer
31043,Dakota County,Dakota
31045,Dawes County,Dawes
31047,Dawson County,Dawson
31049,Deuel County,Deuel
31051,Dixon County,Dixon
31053,Dodge County,Dodge
31055,Douglas County,Douglas
31057,Dundy County,Dundy
31059,Fillmore County,Fillmore
31061,Franklin County,Franklin
31063,Frontier County,Frontier
31065,Furnas County,Furnas
31067,Gage County,Gage
31069,Garden County,Garden
31071,Garfield County,Garfield
31073,Gosper County,Gosper
31075,Grant County,Grant
31077,Greeley County,Greeley
31079,Hall County,Hall
31081,Hamilton County,Hamilton
31083,Harlan County,Harlan
31085,Hayes County,Hayes
31087,Hitchcock County,Hitchcock
31089,Holt County,Holt
31091,Hooker County,Hooker
31093,Howard County,Howard
31095,Jefferson County,Jefferson
31097,Johnson County,Johnson
31099,Kearney County,Kearney
31101,Keith County,Keith
31103,Keya Paha County,Keya Paha
31105,Kimball County,Kimball
31107,Knox County,Knox
31109,Lancaster County,Lancaster
31111,Lincoln County,Lincoln
31113,Logan County,Logan
31115,Loup County,Loup
31117,McPherson County,McPherson
31119,Madison County,Madison
31121,Merrick County,Merrick
31123,Morrill County,Morrill
31125,Nance County,Nance
31127,Nemaha County,Nemaha
31129,Nuckolls County,Nuckolls
31131,Otoe County,Otoe
31133,Pawnee County,Pawnee
31135,Perkins County,Perkins
31137,Phelps County,Phelps
31139,Pierce County,Pierce
31141,Platte County,Platte
31143,Polk County,Polk
31145,Red Willow County,Red Willow
31147,Richardson County,Richardson
31149,Rock County,Rock
31151,Saline County,Saline
31153,Sarpy County,Sarpy
31155,Saunders County,Saunders
31157,Scotts Bluff County,Scotts Bluff
31159,Seward County,Seward
31161,Sheridan County,Sheridan
31163,Sherman County,Sherman
31165,Sioux County,Sioux
31167,Stanton County,Stanton
31169,Thayer County,Thayer
31171,Thomas County,Thomas
31173,Thurston County,Thurston
31175,Valley County,Valley
31177,Washington County,Washington
31179,Wayne County,Wayne
31181,Webster County,Webster
31183,Wheeler County,Wheeler
31185,York County,York
32001,Churchill County,Churchill
32003,Clark County,Clark
32005,Douglas County,Douglas
32007,Elko County,Elko
32009,Esmeralda County,Esmeralda
32011,Eureka County,Eureka
32013,Humboldt County,Humboldt
32015,Lander County,Lander
32017,Lincoln County,Lincoln
32019,Lyon County,Lyon
32021,Mineral County,Mineral
32023,Nye County,Nye
32027,Pershing County,Pershing
32029,Storey County,Storey
32031,Washoe County,Washoe
32033,White Pine County,White Pine
32510,Carson City County,Carson City
33001,Belknap County,Belknap
33003,Carroll County,Carroll
33005,Cheshire County,Cheshire
33007,Coos County,Coos
33009,Grafton County,Grafton
33011,Hillsborough County,Hillsborough
33013,Merrimack County,Merrimack
33015,Rockingham County,Rockingham
33017,Strafford County,Strafford
33019,Sullivan County,Sullivan
34001,Atlantic County,Atlantic
34003,Bergen County,Bergen
34005,Burlington County,Burlington
34007,Camden County,Camden
34009,Cape May County,Cape May
34011,Cumberland County,Cumberland
34013,Essex County,Essex
34015,Gloucester County,Gloucester
34017,Hudson County,Hudson
34019,Hunterdon County,Hunterdon
34021,Mercer County,Mercer
34023,Middlesex County,Middlesex
34025,Monmouth County,Monmouth
34027,Morris County,Morris
34029,Ocean County,Ocean
34031,Passaic County,Passaic
34033,Salem County,Salem
34035,Somerset County,Somerset
34037,Sussex County,Sussex
34039,Union County,Union
34041,Warren County,Warren
35001,Bernalillo County,Bernalillo
35003,Catron County,Catron
35005,Chaves County,Chaves
35006,Cibola County,Cibola
35007,Colfax County,Colfax
35009,Curry County,Curry
35011,De Baca County,De Baca
35013,Dona Ana County,Dona Ana
35015,Eddy County,Eddy
35017,Grant County,Grant
35019,Guadalupe County,Guadalupe
35021,Harding County,Harding
35023,Hidalgo County,Hidalgo
35025,Lea County,Lea
35027,Lincoln County,Lincoln
35028,Los Alamos County,Los Alamos
35029,Luna County,Luna
35031,Mckinley County,Mckinley
35033,Mora County,Mora
35035,Otero County,Otero
35037,Quay County,Quay
35039,Rio Arriba County,Rio Arriba
35041,Roosevelt County,Roosevelt
35043,Sandoval County,Sandoval
35045,San Juan County,San Juan
35047,San Miguel County,San Miguel
35049,Santa Fe County,Santa Fe
35051,Sierra County,Sierra
35053,Socorro County,Socorro
35055,Taos County,Taos
35057,Torrance County,Torrance
35059,Union County,Union
35061,Valencia County,Valencia
36001,Albany County,Albany
36003,Allegany County,Allegany
36005,Bronx County,Bronx
36007,Broome County,Broome
36009,Cattaraugus County,Cattaraugus
36011,Cayuga County,Cayuga
36013,Chautauqua County,Chautauqua
36015,Chemung County,Chemung
36017,Chenango County,Chenango
36019,Clinton County,Clinton
36021,Columbia County,Columbia
36023,Cortland County,Cortland
36025,Delaware County,Delaware
36027,Dutchess County,Dutchess
36029,Erie County,Erie
36031,Essex County,Essex
36033,Franklin County,Franklin
36035,Fulton County,Fulton
36037,Genesee County,Genesee
36039,Greene County,Greene
36041,Hamilton County,Hamilton
36043,Herkimer County,Herkimer
36045,Jefferson County,Jefferson
36047,Kings County,Kings
36049,Lewis County,Lewis
36051,Livingston County,Livingston
36053,Madison County,Madison
36055,Monroe County,Monroe
36057,Montgomery County,Montgomery
36059,Nassau County,Nassau
36061,New York County,New York
36063,Niagara County,Niagara
36065,Oneida County,Oneida
36067,Onondaga County,Onondaga
36069,Ontario County,Ontario
36071,Orange County,Orange
36073,Orleans County,Orleans
36075,Oswego County,Oswego
36077,Otsego County,Otsego
36079,Putnam County,Putnam
36081,Queens County,Queens
36083,Rensselaer County,Rensselaer
36085,Richmond County,Richmond
36087,Rockland County,Rockland
36089,St Lawrence County,St Lawrence
36091,Saratoga County,Saratoga
36093,Schenectady County,Schenectady
36095,Schoharie County,Schoharie
36097,Schuyler County,Schuyler
36099,Seneca County,Seneca
36101,Steuben County,Steuben
36103,Suffolk County,Suffolk
36105,Sullivan County,Sullivan
36107,Tioga County,Tioga
36109,Tompkins County,Tompkins
36111,Ulster County,Ulster
36113,Warren County,Warren
36115,Washington County,Washington
36117,Wayne County,Wayne
36119,Westchester County,Westchester
36121,Wyoming County,Wyoming
36123,Yates County,Yates
37001,Alamance County,Alamance
37003,Alexander County,Alexander
37005,Alleghany County,Alleghany
37007,Anson County,Anson
37009,Ashe County,Ashe
37011,Avery County,Avery
37013,Beaufort County,Beaufort
37015,Bertie County,Bertie
37017,Bladen County,Bladen
37019,Brunswick County,Brunswick
37021,Buncombe County,Buncombe
37023,Burke County,Burke
37025,Cabarrus County,Cabarrus
37027,Caldwell County,Caldwell
37029,Camden County,Camden
37031,Carteret County,Carteret
37033,Caswell County,Caswell
37035,Catawba County,Catawba
37037,Chatham County,Chatham
37039,Cherokee County,Cherokee
37041,Chowan County,Chowan
37043,Clay County,Clay
37045,Cleveland County,Cleveland
37047,Columbus County,Columbus
37049,Craven County,Craven
37051,Cumberland County,Cumberland
37053,Currituck County,Currituck
37055,Dare County,Dare
37057,Davidson County,Davidson
37059,Davie County,Davie
37061,Duplin County,Duplin
37063,Durham County,Durham
37065,Edgecombe County,Edgecombe
37067,Forsyth County,Forsyth
37069,Franklin County,Franklin
37071,Gaston County,Gaston
37073,Gates County,Gates
37075,Graham County,Graham
37077,Granville County,Granville
37079,Greene County,Greene
37081,Guilford County,Guilford
37083,Halifax County,Halifax
37085,Harnett County,Harnett
37087,Haywood County,Haywood
37089,Henderson County,Henderson
37091,Hertford County,Hertford
37093,Hoke County,Hoke
37095,Hyde County,Hyde
37097,Iredell County,Iredell
37099,Jackson County,Jackson
37101,Johnston County,Johnston
37103,Jones County,Jones
37105,Lee County,Lee
37107,Lenoir County,Lenoir
37109,Lincoln County,Lincoln
37111,McDowell County,McDowell
37113,Macon County,Macon
37115,Madison County,Madison
37117,Martin County,Martin
37119,Mecklenburg County,Mecklenburg
37121,Mitchell County,Mitchell
37123,Montgomery County,Montgomery
37125,Moore County,Moore
37127,Nash County,Nash
37129,New Hanover County,New Hanover
37131,Northampton County,Northampton
37133,Onslow County,Onslow
37135,Orange County,Orange
37137,Pamlico County,Pamlico
37139,Pasquotank County,Pasquotank
37141,Pender County,Pender
37143,Perquimans County,Perquimans
37145,Person County,Person
37147,Pitt County,Pitt
37149,Polk County,Polk
37151,Randolph County,Randolph
37153,Richmond County,Richmond
37155,Robeson County,Robeson
37157,Rockingham County,Rockingham
37159,Rowan County,Rowan
37161,Rutherford County,Rutherford
37163,Sampson County,Sampson
37165,Scotland County,Scotland
37167,Stanly County,Stanly
37169,Stokes County,Stokes
37171,Surry County,Surry
37173,Swain County,Swain
37175,Transylvania County,Transylvania
37177,Tyrrell County,Tyrrell
37179,Union County,Union
37181,Vance County,Vance
37183,Wake County,Wake
37185,Warren County,Warren
37187,Washington County,Washington
37189,Watauga County,Watauga
37191,Wayne County,Wayne
37193,Wilkes County,Wilkes
37195,Wilson County,Wilson
37197,Yadkin County,Yadkin
37199,Yancey County,Yancey
38001,Adams County,Adams
38003,Barnes County,Barnes
38005,Benson County,Benson
38007,Billings County,Billings
38009,Bottineau County,Bottineau
38011,Bowman County,Bowman
38013,Burke County,Burke
38015,Burleigh County,Burleigh
38017,Cass County,Cass
38019,Cavalier County,Cavalier
38021,Dickey County,Dickey
38023,Divide County,Divide
38025,Dunn County,Dunn
38027,Eddy County,Eddy
38029,Emmons County,Emmons
38031,Foster County,Foster
38033,Golden Valley County,Golden Valley
38035,Grand Forks County,Grand Forks
38037,Grant County,Grant
38039,Griggs County,Griggs
38041,Hettinger County,Hettinger
38043,Kidder County,Kidder
38045,Lamoure County,Lamoure
38047,Logan County,Logan
38049,McHenry County,McHenry
38051,McIntosh County,McIntosh
38053,Mckenzie County,Mckenzie
38055,Mclean County,Mclean
38057,Mercer County,Mercer
38059,Morton County,Morton
38061,Mountrail County,Mountrail
38063,Nelson County,Nelson
38065,Oliver County,Oliver
38067,Pembina County,Pembina
38069,Pierce County,Pierce
38071,Ramsey County,Ramsey
38073,Ransom County,Ransom
38075,Renville County,Renville
38077,Richland County,Richland
38079,Rolette County,Rolette
38081,Sargent County,Sargent
38083,Sheridan County,Sheridan
38085,Sioux County,Sioux
38087,Slope County,Slope
38089,Stark County,Stark
38091,Steele County,Steele
38093,Stutsman County,Stutsman
38095,Towner County,Towner
38097,Traill County,Traill
38099,Walsh County,Walsh
38101,Ward County,Ward
38103,Wells County,Wells
38105,Williams County,Williams
39001,Adams County,Adams
39003,Allen County,Allen
39005,Ashland County,Ashland
39007,Ashtabula County,Ashtabula
39009,Athens County,Athens
39011,Auglaize County,Auglaize
39013,Belmont County,Belmont
39015,Brown County,Brown
39017,Butler County,Butler
39019,Carroll County,Carroll
39021,Champaign County,Champaign
39023,Clark County,Clark
39025,Clermont County,Clermont
39027,Clinton County,Clinton
39029,Columbiana County,Columbiana
39031,Coshocton County,Coshocton
39033,Crawford County,Crawford
39035,Cuyahoga County,Cuyahoga
39037,Darke County,Darke
39039,Defiance County,Defiance
39041,Delaware County,Delaware
39043,Erie County,Erie
39045,Fairfield County,Fairfield
39047,Fayette County,Fayette
39049,Franklin County,Franklin
39051,Fulton County,Fulton
39053,Gallia County,Gallia
39055,Geauga County,Geauga
39057,Greene County,Greene
39059,Guernsey County,Guernsey
39061,Hamilton County,Hamilton
39063,Hancock County,Hancock
39065,Hardin County,Hardin
39067,Harrison County,Harrison
39069,Henry County,Henry
39071,Highland County,Highland
39073,Hocking County,Hocking
39075,Holmes County,Holmes
39077,Huron County,Huron
39079,Jackson County,Jackson
39081,Jefferson County,Jefferson
39083,Knox County,Knox
39085,Lake County,Lake
39087,Lawrence County,Lawrence
39089,Licking County,Licking
39091,Logan County,Logan
39093,Lorain County,Lorain
39095,Lucas County,Lucas
39097,Madison County,Madison
39099,Mahoning County,Mahoning
39101,Marion County,Marion
39103,Medina County,Medina
39105,Meigs County,Meigs
39107,Mercer County,Mercer
39109,Miami County,Miami
39111,Monroe County,Monroe
39113,Montgomery County,Montgomery
39115,Morgan County,Morgan
39117,Morrow County,Morrow
39119,Muskingum County,Muskingum
39121,Noble County,Noble
39123,Ottawa County,Ottawa
39125,Paulding County,Paulding
39127,Perry County,Perry
39129,Pickaway County,Pickaway
39131,Pike County,Pike
39133,Portage County,Portage
39135,Preble County,Preble
39137,Putnam County,Putnam
39139,Richland County,Richland
39141,Ross County,Ross
39143,Sandusky County,Sandusky
39145,Scioto County,Scioto
39147,Seneca County,Seneca
39149,Shelby County,Shelby
39151,Stark County,Stark
39153,Summit County,Summit
39155,Trumbull County,Trumbull
39157,Tuscarawas County,Tuscarawas
39159,Union County,Union
39161,Van Wert County,Van Wert
39163,Vinton County,Vinton
39165,Warren County,Warren
39167,Washington County,Washington
39169,Wayne County,Wayne
39171,Williams County,Williams
39173,Wood County,Wood
39175,Wyandot County,Wyandot
40001,Adair County,Adair
40003,Alfalfa County,Alfalfa
40005,Atoka County,Atoka
40007,Beaver County,Beaver
40009,Beckham County,Beckham
40011,Blaine County,Blaine
40013,Bryan County,Bryan
40015,Caddo County,Caddo
40017,Canadian County,Canadian
40019,Carter County,Carter
40021,Cherokee County,Cherokee
40023,Choctaw County,Choctaw
40025,Cimarron County,Cimarron
40027,Cleveland County,Cleveland
40029,Coal County,Coal
40031,Comanche County,Comanche
40033,Cotton County,Cotton
40035,Craig County,Craig
40037,Creek County,Creek
40039,Custer County,Custer
40041,Delaware County,Delaware
40043,Dewey County,Dewey
40045,Ellis County,Ellis
40047,Garfield County,Garfield
40049,Garvin County,Garvin
40051,Grady County,Grady
40053,Grant County,Grant
40055,Greer County,Greer
40057,Harmon County,Harmon
40059,Harper County,Harper
40061,Haskell County,Haskell
40063,Hughes County,Hughes
40065,Jackson County,Jackson
40067,Jefferson County,Jefferson
40069,Johnston County,Johnston
40071,Kay County,Kay
40073,Kingfisher County,Kingfisher
40075,Kiowa County,Kiowa
40077,Latimer County,Latimer
40079,Le Flore County,Le Flore
40081,Lincoln County,Lincoln
40083,Logan County,Logan
40085,Love County,Love
40087,Mcclain County,Mcclain
40089,McCurtain County,McCurtain
40091,McIntosh County,McIntosh
40093,Major County,Major
40095,Marshall County,Marshall
40097,Mayes County,Mayes
40099,Murray County,Murray
40101,Muskogee County,Muskogee
40103,Noble County,Noble
40105,Nowata County,Nowata
40107,Okfuskee County,Okfuskee
40109,Oklahoma County,Oklahoma
40111,Okmulgee County,Okmulgee
40113,Osage County,Osage
40115,Ottawa County,Ottawa
40117,Pawnee County,Pawnee
40119,Payne County,Payne
40121,Pittsburg County,Pittsburg
40123,Pontotoc County,Pontotoc
40125,Pottawatomie County,Pottawatomie
40127,Pushmataha County,Pushmataha
40129,Roger Mills County,Roger Mills
40131,Rogers County,Rogers
40133,Seminole County,Seminole
40135,Sequoyah County,Sequoyah
40137,Stephens County,Stephens
40139,Texas County,Texas
40141,Tillman County,Tillman
40143,Tulsa County,Tulsa
40145,Wagoner County,Wagoner
40147,Washington County,Washington
40149,Washita County,Washita
40151,Woods County,Woods
40153,Woodward County,Woodward
41001,Baker County,Baker
41003,Benton County,Benton
41005,Clackamas County,Clackamas
41007,Clatsop County,Clatsop
41009,Columbia County,Columbia
41011,Coos County,Coos
41013,Crook County,Crook
41015,Curry County,Curry
41017,Deschutes County,Deschutes
41019,Douglas County,Douglas
41021,Gilliam County,Gilliam
41023,Grant County,Grant
41025,Harney County,Harney
41027,Hood River County,Hood River
41029,Jackson County,Jackson
41031,Jefferson County,Jefferson
41033,Josephine County,Josephine
41035,Klamath County,Klamath
41037,Lake County,Lake
41039,Lane County,Lane
41041,Lincoln County,Lincoln
41043,Linn County,Linn
41045,Malheur County,Malheur
41047,Marion County,Marion
41049,Morrow County,Morrow
41051,Multnomah County,Multnomah
41053,Polk County,Polk
41055,Sherman County,Sherman
41057,Tillamook County,Tillamook
41059,Umatilla County,Umatilla
41061,Union County,Union
41063,Wallowa County,Wallowa
41065,Wasco County,Wasco
41067,Washington County,Washington
41069,Wheeler County,Wheeler
41071,Yamhill County,Yamhill
42001,Adams County,Adams
42003,Allegheny County,Allegheny
42005,Armstrong County,Armstrong
42007,Beaver County,Beaver
42009,Bedford County,Bedford
42011,Berks County,Berks
42013,Blair County,Blair
42015,Bradford County,Bradford
42017,Bucks County,Bucks
42019,Butler County,Butler
42021,Cambria County,Cambria
42023,Cameron County,Cameron
42025,Carbon County,Carbon
42027,Centre County,Centre
42029,Chester County,Chester
42031,Clarion County,Clarion
42033,Clearfield County,Clearfield
42035,Clinton County,Clinton
42037,Columbia County,Columbia
42039,Crawford County,Crawford
42041,Cumberland County,Cumberland
42043,Dauphin County,Dauphin
42045,Delaware County,Delaware
42047,Elk County,Elk
42049,Erie County,Erie
42051,Fayette County,Fayette
42053,Forest County,Forest
42055,Franklin County,Franklin
42057,Fulton County,Fulton
42059,Greene County,Greene
42061,Huntingdon County,Huntingdon
42063,Indiana County,Indiana
42065,Jefferson County,Jefferson
42067,Juniata County,Juniata
42069,Lackawanna County,Lackawanna
42071,Lancaster County,Lancaster
42073,Lawrence County,Lawrence
42075,Lebanon County,Lebanon
42077,Lehigh County,Lehigh
42079,Luzerne County,Luzerne
42081,Lycoming County,Lycoming
42083,McKean County,McKean
42085,Mercer County,Mercer
42087,Mifflin County,Mifflin
42089,Monroe County,Monroe
42091,Montgomery County,Montgomery
42093,Montour County,Montour
42095,Northampton County,Northampton
42097,Northumberland County,Northumberland
42099,Perry County,Perry
42101,Philadelphia County,Philadelphia
42103,Pike County,Pike
42105,Potter County,Potter
42107,Schuylkill County,Schuylkill
42109,Snyder County,Snyder
42111,Somerset County,Somerset
42113,Sullivan County,Sullivan
42115,Susquehanna County,Susquehanna
42117,Tioga County,Tioga
42119,Union County,Union
42121,Venango County,Venango
42123,Warren County,Warren
42125,Washington County,Washington
42127,Wayne County,Wayne
42129,Westmoreland County,Westmoreland
42131,Wyoming County,Wyoming
42133,York County,York
44001,Bristol County,Bristol
44003,Kent County,Kent
44005,Newport County,Newport
44007,Providence County,Providence
44009,Washington County,Washington
45001,Abbeville County,Abbeville
45003,Aiken County,Aiken
45005,Allendale County,Allendale
45007,Anderson County,Anderson
45009,Bamberg County,Bamberg
45011,Barnwell County,Barnwell
45013,Beaufort County,Beaufort
45015,Berkeley County,Berkeley
45017,Calhoun County,Calhoun
45019,Charleston County,Charleston
45021,Cherokee County,Cherokee
45023,Chester County,Chester
45025,Chesterfield County,Chesterfield
45027,Clarendon County,Clarendon
45029,Colleton County,Colleton
45031,Darlington County,Darlington
45033,Dillon County,Dillon
45035,Dorchester County,Dorchester
45037,Edgefield County,Edgefield
45039,Fairfield County,Fairfield
45041,Florence County,Florence
45043,Georgetown County,Georgetown
45045,Greenville County,Greenville
45047,Greenwood County,Greenwood
45049,Hampton County,Hampton
45051,Horry County,Horry
45053,Jasper County,Jasper
45055,Kershaw County,Kershaw
45057,Lancaster County,Lancaster
45059,Laurens County,Laurens
45061,Lee County,Lee
45063,Lexington County,Lexington
45065,McCormick County,McCormick
45067,Marion County,Marion
45069,Marlboro County,Marlboro
45071,Newberry County,Newberry
45073,Oconee County,Oconee
45075,Orangeburg County,Orangeburg
45077,Pickens County,Pickens
45079,Richland County,Richland
45081,Saluda County,Saluda
45083,Spartanburg County,Spartanburg
45085,Sumter County,Sumter
45087,Union County,Union
45089,Williamsburg County,Williamsburg
45091,York County,York
46003,Aurora County,Aurora
46005,Beadle County,Beadle
46007,Bennett County,Bennett
46009,Bon Homme County,Bon Homme
46011,Brookings County,Brookings
46013,Brown County,Brown
46015,Brule County,Brule
46017,Buffalo County,Buffalo
46019,Butte County,Butte
46021,Campbell County,Campbell
46023,Charles Mix County,Charles Mix
46025,Clark County,Clark
46027,Clay County,Clay
46029,Codington County,Codington
46031,Corson County,Corson
46033,Custer County,Custer
46035,Davison County,Davison
46037,Day County,Day
46039,Deuel County,Deuel
46041,Dewey County,Dewey
46043,Douglas County,Douglas
46045,Edmunds County,Edmunds
46047,Fall River County,Fall River
46049,Faulk County,Faulk
46051,Grant County,Grant
46053,Gregory County,Gregory
46055,Haakon County,Haakon
46057,Hamlin County,Hamlin
46059,Hand County,Hand
46061,Hanson County,Hanson
46063,Harding County,Harding
46065,Hughes County,Hughes
46067,Hutchinson County,Hutchinson
46069,Hyde County,Hyde
46071,Jackson County,Jackson
46073,Jerauld County,Jerauld
46075,Jones County,Jones
46077,Kingsbury County,Kingsbury
46079,Lake County,Lake
46081,Lawrence County,Lawrence
46083,Lincoln County,Lincoln
46085,Lyman County,Lyman
46087,McCook County,McCook
46089,McPherson County,McPherson
46091,Marshall County,Marshall
46093,Meade County,Meade
46095,Mellette County,Mellette
46097,Miner County,Miner
46099,Minnehaha County,Minnehaha
46101,Moody County,Moody
46103,Pennington County,Pennington
46105,Perkins County,Perkins
46107,Potter County,Potter
46109,Roberts County,Roberts
46111,Sanborn County,Sanborn
46113,Shannon County,Shannon
46115,Spink County,Spink
46117,Stanley County,Stanley
46119,Sully County,Sully
46121,Todd County,Todd
46123,Tripp County,Tripp
46125,Turner County,Turner
46127,Union County,Union
46129,Walworth County,Walworth
46135,Yankton County,Yankton
46137,Ziebach County,Ziebach
47001,Anderson County,Anderson
47003,Bedford County,Bedford
47005,Benton County,Benton
47007,Bledsoe County,Bledsoe
47009,Blount County,Blount
47011,Bradley County,Bradley
47013,Campbell County,Campbell
47015,Cannon County,Cannon
47017,Carroll County,Carroll
47019,Carter County,Carter
47021,Cheatham County,Cheatham
47023,Chester County,Chester
47025,Claiborne County,Claiborne
47027,Clay County,Clay
47029,Cocke County,Cocke
47031,Coffee County,Coffee
47033,Crockett County,Crockett
47035,Cumberland County,Cumberland
47037,Davidson County,Davidson
47039,Decatur County,Decatur
47041,Dekalb County,Dekalb
47043,Dickson County,Dickson
47045,Dyer County,Dyer
47047,Fayette County,Fayette
47049,Fentress County,Fentress
47051,Franklin County,Franklin
47053,Gibson County,Gibson
47055,Giles County,Giles
47057,Grainger County,Grainger
47059,Greene County,Greene
47061,Grundy County,Grundy
47063,Hamblen County,Hamblen
47065,Hamilton County,Hamilton
47067,Hancock County,Hancock
47069,Hardeman County,Hardeman
47071,Hardin County,Hardin
47073,Hawkins County,Hawkins
47075,Haywood County,Haywood
47077,Henderson County,Henderson
47079,Henry County,Henry
47081,Hickman County,Hickman
47083,Houston County,Houston
47085,Humphreys County,Humphreys
47087,Jackson County,Jackson
47089,Jefferson County,Jefferson
47091,Johnson County,Johnson
47093,Knox County,Knox
47095,Lake County,Lake
47097,Lauderdale County,Lauderdale
47099,Lawrence County,Lawrence
47101,Lewis County,Lewis
47103,Lincoln County,Lincoln
47105,Loudon County,Loudon
47107,McMinn County,McMinn
47109,McNairy County,McNairy
47111,Macon County,Macon
47113,Madison County,Madison
47115,Marion County,Marion
47117,Marshall County,Marshall
47119,Maury County,Maury
47121,Meigs County,Meigs
47123,Monroe County,Monroe
47125,Montgomery County,Montgomery
47127,Moore County,Moore
47129,Morgan County,Morgan
47131,Obion County,Obion
47133,Overton County,Overton
47135,Perry County,Perry
47137,Pickett County,Pickett
47139,Polk County,Polk
47141,Putnam County,Putnam
47143,Rhea County,Rhea
47145,Roane County,Roane
47147,Robertson County,Robertson
47149,Rutherford County,Rutherford
47151,Scott County,Scott
47153,Sequatchie County,Sequatchie
47155,Sevier County,Sevier
47157,Shelby County,Shelby
47159,Smith County,Smith
47161,Stewart County,Stewart
47163,Sullivan County,Sullivan
47165,Sumner County,Sumner
47167,Tipton County,Tipton
47169,Trousdale County,Trousdale
47171,Unicoi County,Unicoi
47173,Union County,Union
47175,Van Buren County,Van Buren
47177,Warren County,Warren
47179,Washington County,Washington
47181,Wayne County,Wayne
47183,Weakley County,Weakley
47185,White County,White
47187,Williamson County,Williamson
47189,Wilson County,Wilson
48001,Anderson County,Anderson
48003,Andrews County,Andrews
48005,Angelina County,Angelina
48007,Aransas County,Aransas
48009,Archer County,Archer
48011,Armstrong County,Armstrong
48013,Atascosa County,Atascosa
48015,Austin County,Austin
48017,Bailey County,Bailey
48019,Bandera County,Bandera
48021,Bastrop County,Bastrop
48023,Baylor County,Baylor
48025,Bee County,Bee
48027,Bell County,Bell
48029,Bexar County,Bexar
48031,Blanco County,Blanco
48033,Borden County,Borden
48035,Bosque County,Bosque
48037,Bowie County,Bowie
48039,Brazoria County,Brazoria
48041,Brazos County,Brazos
48043,Brewster County,Brewster
48045,Briscoe County,Briscoe
48047,Brooks County,Brooks
48049,Brown County,Brown
48051,Burleson County,Burleson
48053,Burnet County,Burnet
48055,Caldwell County,Caldwell
48057,Calhoun County,Calhoun
48059,Callahan County,Callahan
48061,Cameron County,Cameron
48063,Camp County,Camp
48065,Carson County,Carson
48067,Cass County,Cass
48069,Castro County,Castro
48071,Chambers County,Chambers
48073,Cherokee County,Cherokee
48075,Childress County,Childress
48077,Clay County,Clay
48079,Cochran County,Cochran
48081,Coke County,Coke
48083,Coleman County,Coleman
48085,Collin County,Collin
48087,Collingsworth County,Collingsworth
48089,Colorado County,Colorado
48091,Comal County,Comal
48093,Comanche County,Comanche
48095,Concho County,Concho
48097,Cooke County,Cooke
48099,Coryell County,Coryell
48101,Cottle County,Cottle
48103,Crane County,Crane
48105,Crockett County,Crockett
48107,Crosby County,Crosby
48109,Culberson County,Culberson
48111,Dallam County,Dallam
48113,Dallas County,Dallas
48115,Dawson County,Dawson
48117,Deaf Smith County,Deaf Smith
48119,Delta County,Delta
48121,Denton County,Denton
48123,De Witt County,De Witt
48125,Dickens County,Dickens
48127,Dimmit County,Dimmit
48129,Donley County,Donley
48131,Duval County,Duval
48133,Eastland County,Eastland
48135,Ector County,Ector
48137,Edwards County,Edwards
48139,Ellis County,Ellis
48141,El Paso County,El Paso
48143,Erath County,Erath
48145,Falls County,Falls
48147,Fannin County,Fannin
48149,Fayette County,Fayette
48151,Fisher County,Fisher
48153,Floyd County,Floyd
48155,Foard County,Foard
48157,Fort Bend County,Fort Bend
48159,Franklin County,Franklin
48161,Freestone County,Freestone
48163,Frio County,Frio
48165,Gaines County,Gaines
48167,Galveston County,Galveston
48169,Garza County,Garza
48171,Gillespie County,Gillespie
48173,Glasscock County,Glasscock
48175,Goliad County,Goliad
48177,Gonzales County,Gonzales
48179,Gray County,Gray
48181,Grayson County,Grayson
48183,Gregg County,Gregg
48185,Grimes County,Grimes
48187,Guadalupe County,Guadalupe
48189,Hale County,Hale
48191,Hall County,Hall
48193,Hamilton County,Hamilton
48195,Hansford County,Hansford
48197,Hardeman County,Hardeman
48199,Hardin County,Hardin
48201,Harris County,Harris
48203,Harrison County,Harrison
48205,Hartley County,Hartley
48207,Haskell County,Haskell
48209,Hays County,Hays
48211,Hemphill County,Hemphill
48213,Henderson County,Henderson
48215,Hidalgo County,Hidalgo
48217,Hill County,Hill
48219,Hockley County,Hockley
48221,Hood County,Hood
48223,Hopkins County,Hopkins
48225,Houston County,Houston
48227,Howard County,Howard
48229,Hudspeth County,Hudspeth
48231,Hunt County,Hunt
48233,Hutchinson County,Hutchinson
48235,Irion County,Irion
48237,Jack County,Jack
48239,Jackson County,Jackson
48241,Jasper County,Jasper
48243,Jeff Davis County,Jeff Davis
48245,Jefferson County,Jefferson
48247,Jim Hogg County,Jim Hogg
48249,Jim Wells County,Jim Wells
48251,Johnson County,Johnson
48253,Jones County,Jones
48255,Karnes County,Karnes
48257,Kaufman County,Kaufman
48259,Kendall County,Kendall
48261,Kenedy County,Kenedy
48263,Kent County,Kent
48265,Kerr County,Kerr
48267,Kimble County,Kimble
48269,King County,King
48271,Kinney County,Kinney
48273,Kleberg County,Kleberg
48275,Knox County,Knox
48277,Lamar County,Lamar
48279,Lamb County,Lamb
48281,Lampasas County,Lampasas
48283,La Salle County,La Salle
48285,Lavaca County,Lavaca
48287,Lee County,Lee
48289,Leon County,Leon
48291,Liberty County,Liberty
48293,Limestone County,Limestone
48295,Lipscomb County,Lipscomb
48297,Live Oak County,Live Oak
48299,Llano County,Llano
48301,Loving County,Loving
48303,Lubbock County,Lubbock
48305,Lynn County,Lynn
48307,McCulloch County,McCulloch
48309,McLennan County,McLennan
48311,McMullen County,McMullen
48313,Madison County,Madison
48315,Marion County,Marion
48317,Martin County,Martin
48319,Mason County,Mason
48321,Matagorda County,Matagorda
48323,Maverick County,Maverick
48325,Medina County,Medina
48327,Menard County,Menard
48329,Midland County,Midland
48331,Milam County,Milam
48333,Mills County,Mills
48335,Mitchell County,Mitchell
48337,Montague County,Montague
48339,Montgomery County,Montgomery
48341,Moore County,Moore
48343,Morris County,Morris
48345,Motley County,Motley
48347,Nacogdoches County,Nacogdoches
48349,Navarro County,Navarro
48351,Newton County,Newton
48353,Nolan County,Nolan
48355,Nueces County,Nueces
48357,Ochiltree County,Ochiltree
48359,Oldham County,Oldham
48361,Orange County,Orange
48363,Palo Pinto County,Palo Pinto
48365,Panola County,Panola
48367,Parker County,Parker
48369,Parmer County,Parmer
48371,Pecos County,Pecos
48373,Polk County,Polk
48375,Potter County,Potter
48377,Presidio County,Presidio
48379,Rains County,Rains
48381,Randall County,Randall
48383,Reagan County,Reagan
48385,Real County,Real
48387,Red River County,Red River
48389,Reeves County,Reeves
48391,Refugio County,Refugio
48393,Roberts County,Roberts
48395,Robertson County,Robertson
48397,Rockwall County,Rockwall
48399,Runnels County,Runnels
48401,Rusk County,Rusk
48403,Sabine County,Sabine
48405,San Augustine County,San Augustine
48407,San Jacinto County,San Jacinto
48409,San Patricio County,San Patricio
48411,San Saba County,San Saba
48413,Schleicher County,Schleicher
48415,Scurry County,Scurry
48417,Shackelford County,Shackelford
48419,Shelby County,Shelby
48421,Sherman County,Sherman
48423,Smith County,Smith
48425,Somervell County,Somervell
48427,Starr County,Starr
48429,Stephens County,Stephens
48431,Sterling County,Sterling
48433,Stonewall County,Stonewall
48435,Sutton County,Sutton
48437,Swisher County,Swisher
48439,Tarrant County,Tarrant
48441,Taylor County,Taylor
48443,Terrell County,Terrell
48445,Terry County,Terry
48447,Throckmorton County,Throckmorton
48449,Titus County,Titus
48451,Tom Green County,Tom Green
48453,Travis County,Travis
48455,Trinity County,Trinity
48457,Tyler County,Tyler
48459,Upshur County,Upshur
48461,Upton County,Upton
48463,Uvalde County,Uvalde
48465,Val Verde County,Val Verde
48467,Van Zandt County,Van Zandt
48469,Victoria County,Victoria
48471,Walker County,Walker
48473,Waller County,Waller
48475,Ward County,Ward
48477,Washington County,Washington
48479,Webb County,Webb
48481,Wharton County,Wharton
48483,Wheeler County,Wheeler
48485,Wichita County,Wichita
48487,Wilbarger County,Wilbarger
48489,Willacy County,Willacy
48491,Williamson County,Williamson
48493,Wilson County,Wilson
48495,Winkler County,Winkler
48497,Wise County,Wise
48499,Wood County,Wood
48501,Yoakum County,Yoakum
48503,Young County,Young
48505,Zapata County,Zapata
48507,Zavala County,Zavala
49001,Beaver County,Beaver
49003,Box Elder County,Box Elder
49005,Cache County,Cache
49007,Carbon County,Carbon
49009,Daggett County,Daggett
49011,Davis County,Davis
49013,Duchesne County,Duchesne
49015,Emery County,Emery
49017,Garfield County,Garfield
49019,Grand County,Grand
49021,Iron County,Iron
49023,Juab County,Juab
49025,Kane County,Kane
49027,Millard County,Millard
49029,Morgan County,Morgan
49031,Piute County,Piute
49033,Rich County,Rich
49035,Salt Lake County,Salt Lake
49037,San Juan County,San Juan
49039,Sanpete County,Sanpete
49041,Sevier County,Sevier
49043,Summit County,Summit
49045,Tooele County,Tooele
49047,Uintah County,Uintah
49049,Utah County,Utah
49051,Wasatch County,Wasatch
49053,Washington County,Washington
49055,Wayne County,Wayne
49057,Weber County,Weber
50001,Addison County,Addison
50003,Bennington County,Bennington
50005,Caledonia County,Caledonia
50007,Chittenden County,Chittenden
50009,Essex County,Essex
50011,Franklin County,Franklin
50013,Grand Isle County,Grand Isle
50015,Lamoille County,Lamoille
50017,Orange County,Orange
50019,Orleans County,Orleans
50021,Rutland County,Rutland
50023,Washington County,Washington
50025,Windham County,Windham
50027,Windsor County,Windsor
51001,Accomack County,Accomack
51003,Albemarle County,Albemarle
51005,Alleghany County,Alleghany
51007,Amelia County,Amelia
51009,Amherst County,Amherst
51011,Appomattox County,Appomattox
51013,Arlington County,Arlington
51015,Augusta County,Augusta
51017,Bath County,Bath
51019,Bedford County,Bedford
51021,Bland County,Bland
51023,Botetourt County,Botetourt
51025,Brunswick County,Brunswick
51027,Buchanan County,Buchanan
51029,Buckingham County,Buckingham
51031,Campbell County,Campbell
51033,Caroline County,Caroline
51035,Carroll County,Carroll
51036,Charles City County,Charles City
51037,Charlotte County,Charlotte
51041,Chesterfield County,Chesterfield
51043,Clarke County,Clarke
51045,Craig County,Craig
51047,Culpeper County,Culpeper
51049,Cumberland County,Cumberland
51051,Dickenson County,Dickenson
51053,Dinwiddie County,Dinwiddie
51057,Essex County,Essex
51059,Fairfax County,Fairfax
51061,Fauquier County,Fauquier
51063,Floyd County,Floyd
51065,Fluvanna County,Fluvanna
51067,Franklin County,Franklin
51069,Frederick County,Frederick
51071,Giles County,Giles
51073,Gloucester County,Gloucester
51075,Goochland County,Goochland
51077,Grayson County,Grayson
51079,Greene County,Greene
51081,Greensville County,Greensville
51083,Halifax County,Halifax
51085,Hanover County,Hanover
51087,Henrico County,Henrico
51089,Henry County,Henry
51091,Highland County,Highland
51093,Isle of Wight County,Isle of Wight
51095,James City County,James City
51097,King and Queen County,King and Queen
51099,King George County,King George
51101,King William County,King William
51103,Lancaster County,Lancaster
51105,Lee County,Lee
51107,Loudoun County,Loudoun
51109,Louisa County,Louisa
51111,Lunenburg County,Lunenburg
51113,Madison County,Madison
51115,Mathews County,Mathews
51117,Mecklenburg County,Mecklenburg
51119,Middlesex County,Middlesex
51121,Montgomery County,Montgomery
51125,Nelson County,Nelson
51127,New Kent County,New Kent
51131,Northampton County,Northampton
51133,Northumberland County,Northumberland
51135,Nottoway County,Nottoway
51137,Orange County,Orange
51139,Page County,Page
51141,Patrick County,Patrick
51143,Pittsylvania County,Pittsylvania
51145,Powhatan County,Powhatan
51147,Prince Edward County,Prince Edward
51149,Prince George County,Prince George
51153,Prince William County,Prince William
51155,Pulaski County,Pulaski
51157,Rappahannock County,Rappahannock
51159,Richmond County,Richmond
51161,Roanoke County,Roanoke
51163,Rockbridge County,Rockbridge
51165,Rockingham County,Rockingham
51167,Russell County,Russell
51169,Scott County,Scott
51171,Shenandoah County,Shenandoah
51173,Smyth County,Smyth
51175,Southampton County,Southampton
51177,Spotsylvania County,Spotsylvania
51179,Stafford County,Stafford
51181,Surry County,Surry
51183,Sussex County,Sussex
51185,Tazewell County,Tazewell
51187,Warren County,Warren
51191,Washington County,Washington
51193,Westmoreland County,Westmoreland
51195,Wise County,Wise
51197,Wythe County,Wythe
51199,York County,York
51510,Alexandria City County,Alexandria City
51515,Bedford City County,Bedford City
51520,Bristol City County,Bristol City
51530,Buena Vista City County,Buena Vista City
51540,Charlottesville City County,Charlottesville City
51550,Chesapeake City County,Chesapeake City
51560,Clifton Forge City County,Clifton Forge City
51570,Colonial Heights City County,Colonial Heights City
51580,Covington City County,Covington City
51590,Danville City County,Danville City
51595,Emporia City County,Emporia City
51600,Fairfax City County,Fairfax City
51610,Falls Church City County,Falls Church City
51620,Franklin City County,Franklin City
51630,Fredericksburg City County,Fredericksburg City
51640,Galax City County,Galax City
51650,Hampton City County,Hampton City
51660,Harrisonburg City County,Harrisonburg City
51670,Hopewell City County,Hopewell City
51678,Lexington City County,Lexington City
51680,Lynchburg City County,Lynchburg City
51683,Manassas City County,Manassas City
51685,Manassas Park City County,Manassas Park City
51690,Martinsville City County,Martinsville City
51700,Newport News City County,Newport News City
51710,Norfolk City County,Norfolk City
51720,Norton City County,Norton City
51730,Petersburg City County,Petersburg City
51735,Poquoson City County,Poquoson City
51740,Portsmouth City County,Portsmouth City
51750,Radford County,Radford
51760,Richmond City County,Richmond City
51770,Roanoke City County,Roanoke City
51775,Salem City County,Salem City
51780,South Boston City County,South Boston City
51790,Staunton City County,Staunton City
51800,Suffolk City County,Suffolk City
51810,Virginia Beach City County,Virginia Beach City
51820,Waynesboro City County,Waynesboro City
51830,Williamsburg City County,Williamsburg City
51840,Winchester City County,Winchester City
53001,Adams County,Adams
53003,Asotin County,Asotin
53005,Benton County,Benton
53007,Chelan County,Chelan
53009,Clallam County,Clallam
53011,Clark County,Clark
53013,Columbia County,Columbia
53015,Cowlitz County,Cowlitz
53017,Douglas County,Douglas
53019,Ferry County,Ferry
53021,Franklin County,Franklin
53023,Garfield County,Garfield
53025,Grant County,Grant
53027,Grays Harbor County,Grays Harbor
53029,Island County,Island
53031,Jefferson County,Jefferson
53033,King County,King
53035,Kitsap County,Kitsap
53037,Kittitas County,Kittitas
53039,Klickitat County,Klickitat
53041,Lewis County,Lewis
53043,Lincoln County,Lincoln
53045,Mason County,Mason
53047,Okanogan County,Okanogan
53049,Pacific County,Pacific
53051,Pend Oreille County,Pend Oreille
53053,Pierce County,Pierce
53055,San Juan County,San Juan
53057,Skagit County,Skagit
53059,Skamania County,Skamania
53061,Snohomish County,Snohomish
53063,Spokane County,Spokane
53065,Stevens County,Stevens
53067,Thurston County,Thurston
53069,Wahkiakum County,Wahkiakum
53071,Walla Walla County,Walla Walla
53073,Whatcom County,Whatcom
53075,Whitman County,Whitman
53077,Yakima County,Yakima
54001,Barbour County,Barbour
54003,Berkeley County,Berkeley
54005,Boone County,Boone
54007,Braxton County,Braxton
54009,Brooke County,Brooke
54011,Cabell County,Cabell
54013,Calhoun County,Calhoun
54015,Clay County,Clay
54017,Doddridge County,Doddridge
54019,Fayette County,Fayette
54021,Gilmer County,Gilmer
54023,Grant County,Grant
54025,Greenbrier County,Greenbrier
54027,Hampshire County,Hampshire
54029,Hancock County,Hancock
54031,Hardy County,Hardy
54033,Harrison County,Harrison
54035,Jackson County,Jackson
54037,Jefferson County,Jefferson
54039,Kanawha County,Kanawha
54041,Lewis County,Lewis
54043,Lincoln County,Lincoln
54045,Logan County,Logan
54047,McDowell County,McDowell
54049,Marion County,Marion
54051,Marshall County,Marshall
54053,Mason County,Mason
54055,Mercer County,Mercer
54057,Mineral County,Mineral
54059,Mingo County,Mingo
54061,Monongalia County,Monongalia
54063,Monroe County,Monroe
54065,Morgan County,Morgan
54067,Nicholas County,Nicholas
54069,Ohio County,Ohio
54071,Pendleton County,Pendleton
54073,Pleasants County,Pleasants
54075,Pocahontas County,Pocahontas
54077,Preston County,Preston
54079,Putnam County,Putnam
54081,Raleigh County,Raleigh
54083,Randolph County,Randolph
54085,Ritchie County,Ritchie
54087,Roane County,Roane
54089,Summers County,Summers
54091,Taylor County,Taylor
54093,Tucker County,Tucker
54095,Tyler County,Tyler
54097,Upshur County,Upshur
54099,Wayne County,Wayne
54101,Webster County,Webster
54103,Wetzel County,Wetzel
54105,Wirt County,Wirt
54107,Wood County,Wood
54109,Wyoming County,Wyoming
55001,Adams County,Adams
55003,Ashland County,Ashland
55005,Barron County,Barron
55007,Bayfield County,Bayfield
55009,Brown County,Brown
55011,Buffalo County,Buffalo
55013,Burnett County,Burnett
55015,Calumet County,Calumet
55017,Chippewa County,Chippewa
55019,Clark County,Clark
55021,Columbia County,Columbia
55023,Crawford County,Crawford
55025,Dane County,Dane
55027,Dodge County,Dodge
55029,Door County,Door
55031,Douglas County,Douglas
55033,Dunn County,Dunn
55035,Eau Claire County,Eau Claire
55037,Florence County,Florence
55039,Fond Du Lac County,Fond Du Lac
55041,Forest County,Forest
55043,Grant County,Grant
55045,Green County,Green
55047,Green Lake County,Green Lake
55049,Iowa County,Iowa
55051,Iron County,Iron
55053,Jackson County,Jackson
55055,Jefferson County,Jefferson
55057,Juneau County,Juneau
55059,Kenosha County,Kenosha
55061,Kewaunee County,Kewaunee
55063,La Crosse County,La Crosse
55065,Lafayette County,Lafayette
55067,Langlade County,Langlade
55069,Lincoln County,Lincoln
55071,Manitowoc County,Manitowoc
55073,Marathon County,Marathon
55075,Marinette County,Marinette
55077,Marquette County,Marquette
55078,Menominee County,Menominee
55079,Milwaukee County,Milwaukee
55081,Monroe County,Monroe
55083,Oconto County,Oconto
55085,Oneida County,Oneida
55087,Outagamie County,Outagamie
55089,Ozaukee County,Ozaukee
55091,Pepin County,Pepin
55093,Pierce County,Pierce
55095,Polk County,Polk
55097,Portage County,Portage
55099,Price County,Price
55101,Racine County,Racine
55103,Richland County,Richland
55105,Rock County,Rock
55107,Rusk County,Rusk
55109,St Croix County,St Croix
55111,Sauk County,Sauk
55113,Sawyer County,Sawyer
55115,Shawano County,Shawano
55117,Sheboygan County,Sheboygan
55119,Taylor County,Taylor
55121,Trempealeau County,Trempealeau
55123,Vernon County,Vernon
55125,Vilas County,Vilas
55127,Walworth County,Walworth
55129,Washburn County,Washburn
55131,Washington County,Washington
55133,Waukesha County,Waukesha
55135,Waupaca County,Waupaca
55137,Waushara County,Waushara
55139,Winnebago County,Winnebago
55141,Wood County,Wood
56001,Albany County,Albany
56003,Big Horn County,Big Horn
56005,Campbell County,Campbell
56007,Carbon County,Carbon
56009,Converse County,Converse
56011,Crook County,Crook
56013,Fremont County,Fremont
56015,Goshen County,Goshen
56017,Hot Springs County,Hot Springs
56019,Johnson County,Johnson
56021,Laramie County,Laramie
56023,Lincoln County,Lincoln
56025,Natrona County,Natrona
56027,Niobrara County,Niobrara
56029,Park County,Park
56031,Platte County,Platte
56033,Sheridan County,Sheridan
56035,Sublette County,Sublette
56037,Sweetwater County,Sweetwater
56039,Teton County,Teton
56041,Uinta County,Uinta
56043,Washakie County,Washakie
56045,Weston County,Weston
